name;Alexander.Fu.Sheng;Austin.Wai;Bolo.Yeung;Bruce.Tong.Yim.Chaan;Candice.Yu.On.On;Candy.Wen.Xue.Er;Chan.Shen;Chan.Sing;Chan.Sze.Kai;Chang.Yi;Chen.Hung.Lieh;Chen.Kuan.Tai;Chen.Ping;Cheng.Lui;Cheng.Miu;Cheng.Pei.Pei;Cheung.Pooi.Saan;Chi.Kuan.Chun;Chiang.Nan;Chiang.Sheng;Chiang.Tao;Chin.Han;Chin.Ping;Chin.Siu.Ho;Ching.Li;Chiu.Hung;Chiu.Sam.Yin;Choh.Seung.Wan;Chung.Wa;Cliff.Lok;Dang.Wai.Ho;Danny.Lee.Sau.Yin;David.Chiang;Dean.Shek;Derek.Yee.Tung.Sing;Dick.Wei;Elliot.Ngok;Fan.Mei.Sheng;Fang.Mian;Fung.Hak.On;Fung.Ngai;Goo.Man.Chung;Gordon.Liu.Chia.Hui;Helen.Poon.Bing.Seung;Hsiao.Ho;Hung.Lau;Ivy.Ling.Po;James.Nam.Gung.Fan;Jason.Pai.Piao;Jimmy.Wang.Yu;Johnny.Wang.Lung.Wei;Kara.Hui;Keung.Hon;King.Lee.King.Chu;Ku.Feng;Ku.Kuan.Chung;Ku.Wen.Chung;Kwan.Fung;Lam.Chi.Tai;Lam.Fai.Wong;Lam.Jing;Lan.Wei.Lieh;Lau.Fong.Sai;Lau.Gong;Lau.Kar.Wing;Lau.Wai.Ling;Lau.Wing;Law.Hon;Leanne.Lau.Suet.Wa;Lee.Hoi.Sang;Lee.Pang.Fei;Lee.Wan.Chung;Leung.Kar.Yan;Li.Ching;Lily.Ho.Li.Li;Lily.Li.Li.Li;Ling.Yun;Lisa.Chiao.Chiao;Liu.Chia.Liang;Lo.Dik;Lo.Lieh;Lo.Meng;Lo.Wei;Lu.Feng;Lung.Tien.Hsiang;Ng.Hong.Sang;Ngaai.Fei;Norman.Chu;Ou.Yang.Sha.Fei;Philip.Kwok.Chun.Fung;Phillip.Ko.Fei;Shih.Szu;Shu.Pei.Pei;Shum.Lo;Siao.Yuk;Sun.Chien;Tang.Ching;Tang.Ti;Teresa.Ha.Ping;Ti.Lung;Tien.Feng;Tin.Ching;Tung.Lam;Tung.Li;Wai.Wang;Walter.Tso.Tat.Wah;Wang.Han.Chen;Wang.Hsieh;Wang.Kuang.Yu;Wang.Ping;Wilson.Tong;Wong.Ching.Ho;Wong.Chung;Wong.Chung.Shun;Wong.Lik;Wong.Mei.Mei;Wong.Yu;Wong.Yung;Wu.Ma;Yeung.Chi.Hing;Yeung.Jing.Jing;Yu.Tai.Ping;Yuen.Bun;Yuen.Tak;Yuen.Wah;col.names
Alexander Fu Sheng;31.0;1.0;0.0;8.0;0.0;2.0;4.0;0.0;0.0;0.0;0.0;2.0;0.0;0.0;2.0;0.0;0.0;9.0;1.0;9.0;4.0;0.0;0.0;2.0;2.0;0.0;0.0;1.0;0.0;0.0;0.0;3.0;4.0;0.0;2.0;3.0;3.0;0.0;0.0;5.0;3.0;0.0;6.0;1.0;1.0;0.0;0.0;0.0;1.0;0.0;17.0;7.0;1.0;3.0;10.0;4.0;0.0;1.0;1.0;4.0;0.0;0.0;2.0;0.0;4.0;3.0;1.0;0.0;1.0;1.0;0.0;2.0;6.0;0.0;0.0;3.0;0.0;0.0;2.0;7.0;1.0;6.0;0.0;9.0;2.0;0.0;1.0;1.0;0.0;10.0;1.0;3.0;0.0;1.0;2.0;4.0;0.0;0.0;1.0;7.0;0.0;0.0;0.0;0.0;2.0;1.0;1.0;0.0;0.0;0.0;1.0;6.0;1.0;0.0;2.0;0.0;1.0;1.0;0.0;1.0;0.0;2.0;2.0;0.0;1.0;Alexander Fu Sheng
Austin Wai;1.0;6.0;0.0;1.0;0.0;0.0;1.0;0.0;0.0;0.0;0.0;2.0;0.0;0.0;3.0;0.0;0.0;0.0;1.0;0.0;0.0;0.0;0.0;0.0;1.0;0.0;0.0;1.0;0.0;0.0;0.0;0.0;0.0;0.0;1.0;2.0;1.0;0.0;0.0;0.0;0.0;0.0;0.0;1.0;0.0;0.0;0.0;0.0;2.0;0.0;2.0;0.0;0.0;0.0;2.0;2.0;0.0;1.0;0.0;2.0;0.0;0.0;0.0;0.0;0.0;0.0;1.0;0.0;0.0;0.0;0.0;0.0;0.0;0.0;0.0;0.0;0.0;0.0;0.0;0.0;0.0;0.0;0.0;0.0;0.0;0.0;1.0;1.0;0.0;0.0;0.0;0.0;0.0;1.0;0.0;0.0;0.0;0.0;1.0;2.0;0.0;0.0;0.0;0.0;0.0;1.0;0.0;0.0;0.0;0.0;0.0;2.0;0.0;0.0;0.0;3.0;0.0;2.0;0.0;2.0;0.0;0.0;2.0;1.0;0.0;Austin Wai
Bolo Yeung;0.0;0.0;10.0;2.0;0.0;0.0;3.0;3.0;0.0;0.0;0.0;2.0;0.0;1.0;1.0;0.0;1.0;0.0;0.0;0.0;0.0;1.0;0.0;0.0;2.0;0.0;0.0;0.0;2.0;0.0;0.0;1.0;5.0;0.0;0.0;0.0;1.0;1.0;1.0;0.0;0.0;0.0;0.0;0.0;0.0;0.0;0.0;1.0;0.0;0.0;0.0;0.0;0.0;0.0;2.0;0.0;2.0;0.0;0.0;0.0;0.0;1.0;0.0;2.0;2.0;0.0;0.0;0.0;0.0;0.0;1.0;1.0;0.0;1.0;2.0;1.0;0.0;0.0;0.0;0.0;4.0;0.0;0.0;0.0;0.0;0.0;0.0;0.0;0.0;0.0;0.0;2.0;0.0;1.0;0.0;0.0;0.0;0.0;1.0;4.0;2.0;3.0;2.0;1.0;1.0;0.0;0.0;1.0;3.0;1.0;0.0;1.0;3.0;0.0;0.0;0.0;0.0;0.0;0.0;1.0;0.0;0.0;0.0;0.0;0.0;Bolo Yeung
Bruce Tong Yim-Chaan;8.0;1.0;2.0;12.0;0.0;0.0;2.0;1.0;0.0;0.0;0.0;2.0;0.0;2.0;1.0;0.0;0.0;4.0;1.0;2.0;2.0;1.0;0.0;0.0;0.0;0.0;0.0;0.0;1.0;0.0;0.0;3.0;3.0;0.0;0.0;4.0;2.0;1.0;0.0;2.0;2.0;0.0;2.0;0.0;0.0;0.0;0.0;0.0;0.0;0.0;7.0;3.0;1.0;0.0;6.0;2.0;0.0;0.0;0.0;2.0;0.0;0.0;0.0;1.0;3.0;1.0;0.0;0.0;0.0;1.0;0.0;1.0;4.0;1.0;2.0;1.0;1.0;0.0;0.0;3.0;2.0;2.0;0.0;2.0;0.0;1.0;0.0;1.0;0.0;3.0;0.0;2.0;0.0;1.0;0.0;1.0;0.0;0.0;1.0;4.0;0.0;1.0;1.0;0.0;1.0;0.0;0.0;0.0;1.0;0.0;0.0;2.0;3.0;0.0;0.0;0.0;1.0;0.0;1.0;0.0;0.0;0.0;1.0;0.0;0.0;Bruce Tong Yim-Chaan
Candice Yu On-On;0.0;0.0;0.0;0.0;8.0;1.0;1.0;0.0;1.0;0.0;0.0;0.0;2.0;0.0;4.0;0.0;0.0;0.0;0.0;0.0;0.0;0.0;0.0;0.0;4.0;0.0;0.0;0.0;0.0;0.0;0.0;1.0;2.0;0.0;6.0;0.0;2.0;1.0;0.0;0.0;0.0;0.0;0.0;1.0;0.0;0.0;0.0;0.0;0.0;0.0;0.0;2.0;0.0;0.0;2.0;6.0;0.0;0.0;0.0;1.0;0.0;0.0;0.0;0.0;0.0;2.0;1.0;0.0;0.0;0.0;0.0;0.0;0.0;0.0;0.0;0.0;2.0;0.0;0.0;0.0;5.0;0.0;0.0;0.0;0.0;0.0;5.0;4.0;1.0;0.0;0.0;0.0;0.0;0.0;0.0;0.0;0.0;0.0;1.0;3.0;0.0;1.0;0.0;0.0;2.0;1.0;0.0;0.0;0.0;0.0;0.0;0.0;2.0;0.0;0.0;0.0;0.0;1.0;0.0;1.0;0.0;0.0;1.0;0.0;2.0;Candice Yu On-On
Candy Wen Xue-Er;2.0;0.0;0.0;0.0;1.0;10.0;2.0;0.0;0.0;0.0;0.0;1.0;0.0;0.0;2.0;0.0;0.0;0.0;0.0;4.0;0.0;0.0;0.0;2.0;1.0;0.0;0.0;0.0;0.0;0.0;1.0;1.0;0.0;0.0;1.0;0.0;0.0;0.0;0.0;0.0;0.0;0.0;0.0;1.0;0.0;0.0;0.0;0.0;2.0;0.0;1.0;0.0;0.0;0.0;1.0;2.0;0.0;2.0;2.0;1.0;0.0;0.0;2.0;0.0;0.0;0.0;1.0;0.0;0.0;0.0;0.0;0.0;0.0;0.0;0.0;2.0;0.0;0.0;0.0;0.0;2.0;1.0;0.0;3.0;2.0;1.0;2.0;0.0;0.0;4.0;0.0;0.0;0.0;0.0;2.0;3.0;0.0;0.0;1.0;2.0;0.0;1.0;0.0;0.0;2.0;1.0;1.0;0.0;0.0;0.0;0.0;2.0;0.0;0.0;3.0;0.0;0.0;2.0;0.0;1.0;2.0;3.0;0.0;1.0;1.0;Candy Wen Xue-Er
Chan Shen;4.0;1.0;3.0;2.0;1.0;2.0;44.0;0.0;0.0;0.0;0.0;2.0;2.0;0.0;12.0;0.0;2.0;0.0;1.0;7.0;4.0;0.0;0.0;2.0;4.0;2.0;0.0;0.0;3.0;0.0;2.0;4.0;1.0;4.0;5.0;4.0;5.0;1.0;2.0;1.0;0.0;0.0;2.0;1.0;1.0;0.0;0.0;1.0;6.0;0.0;5.0;5.0;3.0;1.0;11.0;5.0;2.0;3.0;2.0;6.0;0.0;0.0;2.0;2.0;1.0;2.0;3.0;1.0;0.0;5.0;3.0;3.0;0.0;2.0;0.0;8.0;3.0;0.0;1.0;0.0;9.0;5.0;0.0;7.0;3.0;3.0;6.0;4.0;2.0;8.0;1.0;8.0;3.0;6.0;1.0;5.0;1.0;3.0;7.0;3.0;1.0;1.0;4.0;3.0;4.0;0.0;3.0;8.0;0.0;2.0;0.0;8.0;0.0;0.0;5.0;1.0;6.0;2.0;0.0;10.0;1.0;4.0;2.0;0.0;3.0;Chan Shen
Chan Sing;0.0;0.0;3.0;1.0;0.0;0.0;0.0;11.0;0.0;0.0;0.0;0.0;0.0;6.0;3.0;0.0;2.0;0.0;0.0;0.0;0.0;1.0;0.0;0.0;2.0;1.0;0.0;0.0;1.0;3.0;0.0;0.0;8.0;0.0;0.0;0.0;0.0;1.0;2.0;0.0;0.0;0.0;0.0;0.0;0.0;1.0;0.0;1.0;0.0;2.0;0.0;0.0;0.0;0.0;6.0;0.0;0.0;0.0;0.0;0.0;0.0;2.0;0.0;5.0;2.0;0.0;0.0;0.0;0.0;0.0;1.0;0.0;0.0;3.0;0.0;2.0;0.0;2.0;1.0;0.0;2.0;0.0;0.0;0.0;0.0;0.0;0.0;0.0;0.0;0.0;0.0;0.0;0.0;0.0;0.0;0.0;0.0;0.0;0.0;7.0;1.0;0.0;0.0;2.0;0.0;0.0;0.0;1.0;6.0;1.0;0.0;1.0;4.0;0.0;0.0;0.0;0.0;0.0;2.0;0.0;0.0;0.0;0.0;0.0;0.0;Chan Sing
Chan Sze-Kai;0.0;0.0;0.0;0.0;1.0;0.0;0.0;0.0;7.0;0.0;0.0;0.0;0.0;0.0;1.0;0.0;0.0;0.0;0.0;0.0;1.0;0.0;0.0;0.0;1.0;0.0;0.0;0.0;0.0;0.0;2.0;0.0;0.0;0.0;1.0;0.0;2.0;0.0;0.0;0.0;0.0;0.0;1.0;1.0;1.0;0.0;0.0;0.0;2.0;0.0;1.0;2.0;0.0;1.0;1.0;4.0;0.0;2.0;0.0;1.0;0.0;0.0;0.0;0.0;0.0;2.0;2.0;0.0;1.0;0.0;0.0;0.0;1.0;1.0;0.0;1.0;2.0;0.0;0.0;0.0;0.0;2.0;0.0;0.0;0.0;0.0;1.0;2.0;0.0;0.0;1.0;0.0;0.0;0.0;1.0;1.0;1.0;0.0;0.0;3.0;0.0;1.0;0.0;0.0;0.0;0.0;0.0;0.0;0.0;0.0;0.0;1.0;1.0;0.0;1.0;0.0;0.0;2.0;0.0;2.0;3.0;0.0;1.0;1.0;1.0;Chan Sze-Kai
Chang Yi;0.0;0.0;0.0;0.0;0.0;0.0;0.0;0.0;0.0;10.0;2.0;0.0;0.0;0.0;2.0;2.0;0.0;0.0;0.0;0.0;0.0;1.0;1.0;0.0;1.0;1.0;2.0;0.0;0.0;1.0;0.0;0.0;0.0;0.0;0.0;0.0;1.0;1.0;5.0;0.0;0.0;4.0;0.0;0.0;0.0;4.0;1.0;1.0;0.0;0.0;0.0;0.0;0.0;0.0;5.0;0.0;1.0;0.0;0.0;0.0;1.0;1.0;0.0;0.0;0.0;0.0;0.0;0.0;0.0;0.0;0.0;2.0;0.0;1.0;1.0;0.0;0.0;1.0;0.0;0.0;3.0;0.0;0.0;0.0;0.0;0.0;0.0;0.0;0.0;0.0;0.0;1.0;4.0;1.0;0.0;0.0;0.0;1.0;0.0;0.0;4.0;0.0;0.0;0.0;1.0;0.0;0.0;2.0;0.0;0.0;0.0;2.0;0.0;4.0;0.0;0.0;0.0;0.0;2.0;3.0;0.0;0.0;0.0;0.0;0.0;Chang Yi
Chen Hung-Lieh;0.0;0.0;0.0;0.0;0.0;0.0;0.0;0.0;0.0;2.0;11.0;0.0;0.0;3.0;1.0;1.0;0.0;0.0;0.0;0.0;0.0;0.0;3.0;0.0;2.0;1.0;0.0;0.0;0.0;1.0;0.0;0.0;1.0;0.0;0.0;0.0;2.0;4.0;6.0;0.0;1.0;1.0;0.0;0.0;0.0;2.0;1.0;0.0;0.0;3.0;0.0;0.0;0.0;0.0;5.0;0.0;0.0;0.0;0.0;0.0;1.0;0.0;0.0;1.0;0.0;0.0;0.0;0.0;0.0;0.0;0.0;4.0;0.0;1.0;0.0;0.0;2.0;2.0;0.0;0.0;3.0;0.0;2.0;0.0;0.0;0.0;0.0;0.0;0.0;0.0;0.0;0.0;2.0;1.0;0.0;0.0;0.0;2.0;0.0;0.0;7.0;0.0;0.0;0.0;0.0;0.0;0.0;1.0;1.0;0.0;0.0;1.0;0.0;2.0;0.0;0.0;0.0;0.0;3.0;2.0;0.0;0.0;0.0;0.0;0.0;Chen Hung-Lieh
Chen Kuan-Tai;2.0;2.0;2.0;2.0;0.0;1.0;2.0;0.0;0.0;0.0;0.0;27.0;1.0;1.0;6.0;0.0;0.0;1.0;1.0;1.0;6.0;0.0;0.0;0.0;3.0;0.0;0.0;2.0;0.0;0.0;1.0;3.0;6.0;0.0;0.0;1.0;2.0;3.0;0.0;1.0;2.0;0.0;2.0;0.0;0.0;0.0;0.0;0.0;3.0;0.0;2.0;1.0;1.0;0.0;8.0;3.0;0.0;1.0;1.0;2.0;0.0;0.0;1.0;1.0;3.0;0.0;1.0;0.0;2.0;3.0;0.0;0.0;0.0;0.0;3.0;5.0;1.0;0.0;1.0;0.0;5.0;2.0;0.0;1.0;2.0;1.0;1.0;1.0;0.0;1.0;2.0;1.0;0.0;2.0;1.0;3.0;0.0;0.0;1.0;6.0;0.0;4.0;3.0;0.0;3.0;1.0;1.0;1.0;1.0;0.0;1.0;6.0;6.0;0.0;1.0;1.0;4.0;0.0;1.0;1.0;0.0;1.0;0.0;2.0;2.0;Chen Kuan-Tai
Chen Ping;0.0;0.0;0.0;0.0;2.0;0.0;2.0;0.0;0.0;0.0;0.0;1.0;8.0;0.0;2.0;0.0;0.0;0.0;0.0;0.0;0.0;0.0;0.0;0.0;1.0;0.0;0.0;0.0;1.0;0.0;0.0;2.0;3.0;0.0;1.0;1.0;3.0;1.0;0.0;0.0;0.0;0.0;0.0;0.0;0.0;0.0;0.0;0.0;0.0;0.0;1.0;1.0;1.0;0.0;3.0;4.0;0.0;0.0;0.0;2.0;0.0;0.0;0.0;0.0;0.0;1.0;0.0;1.0;0.0;0.0;1.0;0.0;0.0;0.0;0.0;0.0;2.0;0.0;0.0;0.0;5.0;0.0;0.0;0.0;0.0;0.0;3.0;3.0;1.0;0.0;0.0;0.0;0.0;0.0;0.0;0.0;0.0;0.0;1.0;1.0;0.0;2.0;0.0;0.0;2.0;0.0;0.0;4.0;0.0;0.0;0.0;1.0;3.0;0.0;0.0;0.0;0.0;0.0;0.0;1.0;0.0;0.0;0.0;0.0;0.0;Chen Ping
Cheng Lui;0.0;0.0;1.0;2.0;0.0;0.0;0.0;6.0;0.0;0.0;3.0;1.0;0.0;16.0;5.0;2.0;3.0;0.0;0.0;0.0;0.0;0.0;2.0;0.0;2.0;2.0;3.0;0.0;1.0;4.0;0.0;1.0;6.0;0.0;0.0;0.0;1.0;5.0;5.0;0.0;0.0;0.0;0.0;0.0;0.0;2.0;0.0;0.0;0.0;5.0;0.0;0.0;0.0;0.0;9.0;0.0;0.0;0.0;0.0;0.0;1.0;1.0;0.0;4.0;3.0;0.0;0.0;1.0;0.0;0.0;0.0;0.0;0.0;2.0;1.0;1.0;1.0;4.0;2.0;0.0;5.0;0.0;0.0;0.0;0.0;0.0;0.0;0.0;1.0;0.0;0.0;0.0;0.0;2.0;0.0;0.0;0.0;2.0;0.0;4.0;5.0;0.0;1.0;2.0;0.0;0.0;0.0;3.0;8.0;1.0;0.0;4.0;4.0;2.0;0.0;0.0;0.0;0.0;4.0;3.0;0.0;0.0;0.0;0.0;0.0;Cheng Lui
Cheng Miu;2.0;3.0;1.0;1.0;4.0;2.0;12.0;3.0;1.0;2.0;1.0;6.0;2.0;5.0;52.0;2.0;0.0;0.0;1.0;2.0;0.0;1.0;3.0;0.0;13.0;1.0;1.0;4.0;5.0;1.0;1.0;3.0;10.0;1.0;6.0;2.0;12.0;7.0;3.0;0.0;1.0;3.0;3.0;3.0;2.0;2.0;3.0;1.0;6.0;4.0;6.0;4.0;2.0;1.0;17.0;14.0;2.0;4.0;0.0;9.0;4.0;1.0;2.0;4.0;2.0;5.0;7.0;0.0;1.0;1.0;1.0;4.0;0.0;4.0;4.0;5.0;5.0;3.0;3.0;0.0;15.0;2.0;0.0;2.0;0.0;1.0;8.0;8.0;3.0;2.0;0.0;1.0;6.0;8.0;0.0;4.0;3.0;5.0;5.0;10.0;6.0;3.0;3.0;2.0;4.0;2.0;1.0;7.0;3.0;2.0;1.0;10.0;7.0;6.0;0.0;5.0;0.0;5.0;2.0;19.0;3.0;2.0;4.0;4.0;4.0;Cheng Miu
Cheng Pei-Pei;0.0;0.0;0.0;0.0;0.0;0.0;0.0;0.0;0.0;2.0;1.0;0.0;0.0;2.0;2.0;12.0;0.0;0.0;0.0;0.0;0.0;1.0;0.0;0.0;1.0;3.0;3.0;0.0;0.0;1.0;0.0;0.0;2.0;0.0;0.0;0.0;5.0;3.0;3.0;0.0;0.0;4.0;0.0;0.0;0.0;1.0;0.0;0.0;0.0;1.0;0.0;0.0;0.0;0.0;7.0;0.0;0.0;0.0;0.0;0.0;0.0;4.0;0.0;2.0;2.0;0.0;0.0;3.0;0.0;0.0;2.0;1.0;0.0;0.0;0.0;1.0;0.0;0.0;1.0;0.0;6.0;0.0;3.0;0.0;0.0;0.0;0.0;0.0;2.0;0.0;0.0;1.0;1.0;2.0;0.0;0.0;1.0;3.0;0.0;0.0;4.0;0.0;0.0;2.0;0.0;0.0;0.0;1.0;1.0;0.0;0.0;1.0;0.0;3.0;0.0;0.0;0.0;0.0;2.0;5.0;0.0;0.0;0.0;0.0;0.0;Cheng Pei-Pei
Cheung Pooi-Saan;0.0;0.0;1.0;0.0;0.0;0.0;2.0;2.0;0.0;0.0;0.0;0.0;0.0;3.0;0.0;0.0;7.0;0.0;0.0;0.0;0.0;0.0;1.0;0.0;0.0;0.0;1.0;0.0;0.0;2.0;0.0;0.0;2.0;3.0;0.0;0.0;1.0;1.0;3.0;0.0;0.0;0.0;0.0;0.0;0.0;0.0;0.0;0.0;0.0;2.0;0.0;0.0;0.0;0.0;3.0;0.0;0.0;0.0;0.0;0.0;1.0;1.0;0.0;3.0;1.0;0.0;0.0;0.0;0.0;0.0;0.0;0.0;0.0;1.0;0.0;1.0;0.0;2.0;1.0;0.0;3.0;0.0;0.0;0.0;0.0;0.0;0.0;0.0;1.0;0.0;0.0;1.0;0.0;0.0;0.0;0.0;0.0;2.0;0.0;0.0;2.0;0.0;0.0;0.0;0.0;0.0;0.0;1.0;3.0;0.0;0.0;1.0;0.0;1.0;0.0;0.0;0.0;0.0;1.0;2.0;0.0;0.0;0.0;0.0;0.0;Cheung Pooi-Saan
Chi Kuan-Chun;9.0;0.0;0.0;4.0;0.0;0.0;0.0;0.0;0.0;0.0;0.0;1.0;0.0;0.0;0.0;0.0;0.0;9.0;1.0;1.0;3.0;0.0;0.0;0.0;0.0;0.0;0.0;0.0;0.0;0.0;0.0;0.0;3.0;0.0;0.0;0.0;1.0;0.0;0.0;3.0;1.0;0.0;2.0;0.0;0.0;0.0;0.0;0.0;0.0;0.0;6.0;0.0;0.0;0.0;1.0;0.0;0.0;0.0;0.0;0.0;0.0;0.0;0.0;0.0;1.0;0.0;0.0;0.0;0.0;0.0;0.0;1.0;5.0;0.0;0.0;0.0;0.0;0.0;0.0;4.0;0.0;0.0;0.0;2.0;0.0;0.0;0.0;0.0;0.0;3.0;0.0;2.0;0.0;0.0;0.0;0.0;0.0;0.0;0.0;2.0;0.0;0.0;0.0;0.0;1.0;0.0;0.0;0.0;0.0;0.0;0.0;0.0;1.0;0.0;0.0;0.0;0.0;0.0;0.0;0.0;0.0;0.0;0.0;0.0;0.0;Chi Kuan-Chun
Chiang Nan;1.0;1.0;0.0;1.0;0.0;0.0;1.0;0.0;0.0;0.0;0.0;1.0;0.0;0.0;1.0;0.0;0.0;1.0;7.0;0.0;2.0;0.0;0.0;0.0;1.0;0.0;0.0;0.0;0.0;0.0;0.0;1.0;2.0;1.0;1.0;1.0;1.0;1.0;0.0;1.0;3.0;0.0;1.0;0.0;0.0;0.0;0.0;0.0;2.0;0.0;1.0;0.0;1.0;0.0;3.0;1.0;0.0;0.0;0.0;0.0;0.0;0.0;0.0;0.0;1.0;0.0;1.0;1.0;0.0;1.0;0.0;1.0;1.0;0.0;0.0;2.0;0.0;0.0;0.0;2.0;2.0;0.0;0.0;0.0;0.0;1.0;1.0;0.0;0.0;0.0;0.0;2.0;0.0;0.0;0.0;1.0;0.0;0.0;0.0;3.0;0.0;1.0;0.0;1.0;0.0;1.0;0.0;1.0;0.0;0.0;0.0;0.0;0.0;0.0;0.0;1.0;0.0;1.0;1.0;3.0;0.0;0.0;1.0;0.0;0.0;Chiang Nan
Chiang Sheng;9.0;0.0;0.0;2.0;0.0;4.0;7.0;0.0;0.0;0.0;0.0;1.0;0.0;0.0;2.0;0.0;0.0;1.0;0.0;23.0;0.0;0.0;0.0;6.0;1.0;0.0;0.0;1.0;0.0;0.0;0.0;3.0;2.0;0.0;0.0;3.0;1.0;0.0;0.0;0.0;0.0;0.0;0.0;2.0;0.0;0.0;0.0;0.0;0.0;0.0;8.0;3.0;1.0;0.0;5.0;2.0;0.0;1.0;6.0;2.0;0.0;0.0;9.0;0.0;0.0;2.0;0.0;0.0;0.0;0.0;0.0;0.0;0.0;0.0;0.0;1.0;0.0;0.0;0.0;1.0;0.0;14.0;0.0;21.0;4.0;1.0;1.0;1.0;0.0;21.0;0.0;1.0;0.0;0.0;4.0;14.0;0.0;0.0;0.0;3.0;0.0;0.0;0.0;0.0;2.0;1.0;3.0;0.0;0.0;0.0;0.0;5.0;1.0;0.0;11.0;0.0;0.0;0.0;0.0;2.0;1.0;13.0;0.0;0.0;0.0;Chiang Sheng
Chiang Tao;4.0;0.0;0.0;2.0;0.0;0.0;4.0;0.0;1.0;0.0;0.0;6.0;0.0;0.0;0.0;0.0;0.0;3.0;2.0;0.0;15.0;0.0;0.0;0.0;0.0;0.0;0.0;0.0;0.0;0.0;1.0;2.0;1.0;0.0;1.0;2.0;1.0;0.0;0.0;3.0;3.0;0.0;3.0;0.0;1.0;0.0;0.0;0.0;2.0;0.0;2.0;2.0;2.0;1.0;3.0;0.0;0.0;0.0;0.0;1.0;0.0;0.0;0.0;1.0;2.0;0.0;1.0;0.0;0.0;2.0;0.0;2.0;1.0;0.0;0.0;3.0;1.0;0.0;1.0;4.0;2.0;0.0;0.0;0.0;0.0;1.0;1.0;1.0;0.0;0.0;1.0;1.0;0.0;0.0;0.0;0.0;0.0;0.0;2.0;2.0;0.0;0.0;0.0;0.0;3.0;1.0;1.0;0.0;0.0;0.0;1.0;2.0;0.0;0.0;0.0;0.0;2.0;0.0;0.0;1.0;1.0;0.0;1.0;0.0;1.0;Chiang Tao
Chin Han;0.0;0.0;1.0;1.0;0.0;0.0;0.0;1.0;0.0;1.0;0.0;0.0;0.0;0.0;1.0;1.0;0.0;0.0;0.0;0.0;0.0;7.0;0.0;0.0;0.0;0.0;0.0;0.0;2.0;1.0;0.0;0.0;2.0;0.0;0.0;0.0;2.0;1.0;0.0;0.0;0.0;0.0;0.0;0.0;0.0;0.0;2.0;1.0;0.0;0.0;0.0;0.0;0.0;0.0;3.0;0.0;0.0;0.0;0.0;0.0;0.0;2.0;0.0;1.0;1.0;0.0;0.0;0.0;0.0;0.0;0.0;0.0;0.0;1.0;1.0;1.0;0.0;0.0;0.0;0.0;4.0;0.0;0.0;0.0;0.0;0.0;0.0;0.0;1.0;0.0;0.0;1.0;0.0;1.0;0.0;0.0;0.0;0.0;0.0;2.0;1.0;1.0;1.0;0.0;0.0;0.0;0.0;1.0;1.0;2.0;0.0;0.0;2.0;1.0;0.0;0.0;0.0;0.0;0.0;1.0;0.0;0.0;0.0;0.0;0.0;Chin Han
Chin Ping;0.0;0.0;0.0;0.0;0.0;0.0;0.0;0.0;0.0;1.0;3.0;0.0;0.0;2.0;3.0;0.0;1.0;0.0;0.0;0.0;0.0;0.0;10.0;0.0;0.0;2.0;2.0;0.0;0.0;1.0;0.0;0.0;0.0;1.0;0.0;0.0;4.0;1.0;1.0;0.0;2.0;2.0;0.0;0.0;0.0;1.0;3.0;0.0;0.0;5.0;0.0;0.0;0.0;0.0;5.0;0.0;0.0;0.0;0.0;0.0;2.0;1.0;0.0;1.0;0.0;0.0;0.0;2.0;0.0;0.0;1.0;3.0;0.0;0.0;1.0;0.0;0.0;2.0;0.0;0.0;4.0;0.0;0.0;0.0;0.0;0.0;0.0;0.0;0.0;0.0;0.0;0.0;0.0;0.0;0.0;0.0;1.0;1.0;0.0;0.0;4.0;0.0;0.0;0.0;0.0;0.0;0.0;2.0;2.0;0.0;0.0;3.0;0.0;2.0;0.0;0.0;0.0;0.0;1.0;3.0;0.0;0.0;0.0;0.0;0.0;Chin Ping
Chin Siu-Ho;2.0;0.0;0.0;0.0;0.0;2.0;2.0;0.0;0.0;0.0;0.0;0.0;0.0;0.0;0.0;0.0;0.0;0.0;0.0;6.0;0.0;0.0;0.0;8.0;0.0;0.0;0.0;1.0;0.0;0.0;0.0;1.0;0.0;0.0;0.0;0.0;0.0;0.0;0.0;0.0;0.0;0.0;1.0;1.0;0.0;0.0;0.0;0.0;1.0;0.0;0.0;1.0;0.0;0.0;1.0;0.0;0.0;1.0;4.0;0.0;0.0;0.0;5.0;0.0;0.0;0.0;0.0;0.0;0.0;1.0;0.0;0.0;0.0;0.0;0.0;1.0;0.0;0.0;0.0;0.0;1.0;3.0;0.0;6.0;3.0;0.0;1.0;0.0;0.0;7.0;0.0;0.0;0.0;0.0;3.0;3.0;0.0;0.0;0.0;1.0;0.0;0.0;0.0;0.0;1.0;1.0;3.0;0.0;0.0;0.0;0.0;1.0;0.0;0.0;6.0;0.0;1.0;0.0;0.0;0.0;1.0;5.0;0.0;0.0;0.0;Chin Siu-Ho
Ching Li;2.0;1.0;2.0;0.0;4.0;1.0;4.0;2.0;1.0;1.0;2.0;3.0;1.0;2.0;13.0;1.0;0.0;0.0;1.0;1.0;0.0;0.0;0.0;0.0;25.0;1.0;0.0;2.0;1.0;0.0;0.0;1.0;8.0;1.0;5.0;1.0;6.0;2.0;3.0;0.0;0.0;1.0;0.0;3.0;0.0;1.0;0.0;0.0;3.0;0.0;0.0;2.0;0.0;0.0;10.0;10.0;1.0;0.0;0.0;3.0;1.0;0.0;1.0;2.0;1.0;7.0;5.0;0.0;0.0;0.0;2.0;0.0;0.0;0.0;0.0;3.0;4.0;0.0;1.0;0.0;7.0;1.0;0.0;1.0;0.0;0.0;9.0;5.0;1.0;1.0;0.0;1.0;1.0;2.0;1.0;2.0;2.0;3.0;2.0;12.0;2.0;3.0;0.0;0.0;3.0;1.0;0.0;2.0;1.0;0.0;0.0;3.0;5.0;0.0;1.0;1.0;0.0;4.0;2.0;6.0;0.0;1.0;4.0;0.0;4.0;Ching Li
Chiu Hung;0.0;0.0;0.0;0.0;0.0;0.0;2.0;1.0;0.0;1.0;1.0;0.0;0.0;2.0;1.0;3.0;0.0;0.0;0.0;0.0;0.0;0.0;2.0;0.0;1.0;12.0;3.0;0.0;0.0;1.0;0.0;0.0;0.0;1.0;0.0;0.0;4.0;3.0;4.0;0.0;0.0;3.0;0.0;0.0;0.0;1.0;0.0;0.0;0.0;1.0;0.0;0.0;0.0;0.0;1.0;0.0;0.0;0.0;0.0;0.0;1.0;1.0;0.0;1.0;0.0;0.0;0.0;4.0;0.0;0.0;4.0;1.0;0.0;2.0;1.0;0.0;0.0;0.0;1.0;0.0;4.0;0.0;2.0;0.0;0.0;0.0;0.0;0.0;0.0;0.0;0.0;1.0;1.0;1.0;0.0;0.0;1.0;0.0;0.0;0.0;3.0;0.0;1.0;3.0;0.0;0.0;0.0;4.0;2.0;1.0;0.0;3.0;1.0;5.0;0.0;0.0;0.0;0.0;1.0;2.0;0.0;0.0;0.0;0.0;0.0;Chiu Hung
Chiu Sam-Yin;0.0;0.0;0.0;0.0;0.0;0.0;0.0;0.0;0.0;2.0;0.0;0.0;0.0;3.0;1.0;3.0;1.0;0.0;0.0;0.0;0.0;0.0;2.0;0.0;0.0;3.0;7.0;0.0;0.0;1.0;0.0;0.0;1.0;0.0;0.0;0.0;1.0;3.0;1.0;0.0;0.0;1.0;0.0;0.0;0.0;2.0;0.0;0.0;0.0;2.0;0.0;0.0;0.0;0.0;4.0;0.0;0.0;0.0;0.0;0.0;1.0;3.0;0.0;1.0;1.0;0.0;0.0;1.0;0.0;0.0;0.0;1.0;0.0;0.0;1.0;1.0;0.0;1.0;1.0;0.0;2.0;0.0;1.0;0.0;0.0;0.0;0.0;0.0;1.0;0.0;0.0;0.0;0.0;0.0;0.0;0.0;0.0;2.0;0.0;0.0;2.0;0.0;0.0;1.0;0.0;0.0;0.0;1.0;2.0;0.0;0.0;3.0;0.0;4.0;0.0;0.0;0.0;0.0;0.0;3.0;0.0;0.0;0.0;0.0;0.0;Chiu Sam-Yin
Choh Seung-Wan;1.0;1.0;0.0;0.0;0.0;0.0;0.0;0.0;0.0;0.0;0.0;2.0;0.0;0.0;4.0;0.0;0.0;0.0;0.0;1.0;0.0;0.0;0.0;1.0;2.0;0.0;0.0;7.0;0.0;0.0;1.0;0.0;0.0;0.0;1.0;0.0;2.0;0.0;0.0;0.0;0.0;0.0;1.0;3.0;0.0;0.0;0.0;0.0;1.0;0.0;0.0;1.0;0.0;0.0;3.0;3.0;0.0;2.0;0.0;2.0;0.0;0.0;1.0;0.0;0.0;1.0;3.0;0.0;0.0;0.0;0.0;0.0;0.0;0.0;0.0;0.0;0.0;0.0;0.0;0.0;3.0;1.0;0.0;1.0;1.0;0.0;1.0;0.0;0.0;1.0;0.0;0.0;0.0;0.0;0.0;2.0;1.0;0.0;0.0;2.0;0.0;0.0;0.0;0.0;0.0;0.0;1.0;0.0;0.0;0.0;0.0;3.0;0.0;0.0;1.0;1.0;1.0;1.0;0.0;2.0;0.0;1.0;1.0;2.0;1.0;Choh Seung-Wan
Chung Wa;0.0;0.0;2.0;1.0;0.0;0.0;3.0;1.0;0.0;0.0;0.0;0.0;1.0;1.0;5.0;0.0;0.0;0.0;0.0;0.0;0.0;2.0;0.0;0.0;1.0;0.0;0.0;0.0;11.0;0.0;0.0;1.0;2.0;0.0;0.0;0.0;3.0;2.0;0.0;0.0;0.0;0.0;0.0;0.0;0.0;0.0;1.0;1.0;0.0;1.0;0.0;0.0;0.0;0.0;5.0;3.0;2.0;1.0;0.0;0.0;1.0;0.0;0.0;0.0;0.0;1.0;0.0;0.0;0.0;0.0;0.0;1.0;0.0;2.0;2.0;1.0;1.0;2.0;1.0;0.0;3.0;0.0;0.0;0.0;0.0;0.0;2.0;0.0;1.0;0.0;0.0;1.0;1.0;1.0;0.0;0.0;0.0;0.0;3.0;2.0;2.0;3.0;0.0;2.0;1.0;0.0;0.0;4.0;0.0;3.0;0.0;0.0;2.0;1.0;0.0;1.0;1.0;0.0;1.0;4.0;0.0;0.0;0.0;1.0;0.0;Chung Wa
Cliff Lok;0.0;0.0;0.0;0.0;0.0;0.0;0.0;3.0;0.0;1.0;1.0;0.0;0.0;4.0;1.0;1.0;2.0;0.0;0.0;0.0;0.0;1.0;1.0;0.0;0.0;1.0;1.0;0.0;0.0;9.0;0.0;0.0;3.0;0.0;0.0;0.0;1.0;1.0;3.0;0.0;1.0;0.0;0.0;0.0;0.0;1.0;0.0;1.0;0.0;2.0;0.0;0.0;0.0;0.0;5.0;0.0;1.0;0.0;0.0;0.0;1.0;3.0;0.0;3.0;1.0;0.0;0.0;1.0;0.0;0.0;0.0;1.0;0.0;3.0;1.0;2.0;0.0;1.0;0.0;0.0;4.0;0.0;0.0;0.0;0.0;0.0;0.0;0.0;0.0;0.0;0.0;1.0;1.0;0.0;0.0;0.0;0.0;1.0;0.0;2.0;2.0;0.0;0.0;0.0;0.0;0.0;0.0;2.0;4.0;0.0;0.0;1.0;2.0;1.0;0.0;0.0;0.0;0.0;2.0;0.0;0.0;0.0;0.0;0.0;0.0;Cliff Lok
Dang Wai-Ho;0.0;0.0;0.0;0.0;0.0;1.0;2.0;0.0;2.0;0.0;0.0;1.0;0.0;0.0;1.0;0.0;0.0;0.0;0.0;0.0;1.0;0.0;0.0;0.0;0.0;0.0;0.0;1.0;0.0;0.0;8.0;0.0;0.0;0.0;1.0;1.0;0.0;0.0;0.0;0.0;0.0;0.0;1.0;0.0;1.0;0.0;0.0;0.0;4.0;0.0;3.0;2.0;0.0;1.0;5.0;2.0;0.0;4.0;0.0;0.0;0.0;0.0;0.0;0.0;0.0;0.0;0.0;0.0;0.0;1.0;0.0;0.0;0.0;0.0;0.0;1.0;0.0;0.0;0.0;0.0;2.0;0.0;0.0;0.0;1.0;0.0;2.0;0.0;0.0;0.0;1.0;0.0;0.0;0.0;1.0;1.0;0.0;0.0;0.0;2.0;0.0;0.0;0.0;0.0;0.0;0.0;0.0;0.0;0.0;0.0;0.0;1.0;0.0;0.0;0.0;0.0;1.0;1.0;0.0;2.0;1.0;0.0;1.0;1.0;3.0;Dang Wai-Ho
Danny Lee Sau-Yin;3.0;0.0;1.0;3.0;1.0;1.0;4.0;0.0;0.0;0.0;0.0;3.0;2.0;1.0;3.0;0.0;0.0;0.0;1.0;3.0;2.0;0.0;0.0;1.0;1.0;0.0;0.0;0.0;1.0;0.0;0.0;12.0;4.0;0.0;0.0;2.0;2.0;3.0;0.0;0.0;0.0;0.0;0.0;0.0;0.0;0.0;0.0;0.0;1.0;0.0;2.0;2.0;3.0;0.0;5.0;4.0;0.0;1.0;1.0;2.0;0.0;0.0;1.0;0.0;0.0;2.0;1.0;0.0;0.0;0.0;0.0;0.0;0.0;0.0;2.0;2.0;1.0;0.0;0.0;0.0;3.0;2.0;0.0;3.0;1.0;0.0;2.0;2.0;0.0;3.0;0.0;0.0;0.0;1.0;1.0;2.0;0.0;0.0;1.0;3.0;0.0;2.0;2.0;0.0;3.0;0.0;1.0;2.0;1.0;0.0;0.0;3.0;5.0;0.0;1.0;0.0;0.0;0.0;1.0;2.0;0.0;1.0;0.0;0.0;0.0;Danny Lee Sau-Yin
David Chiang;4.0;0.0;5.0;3.0;2.0;0.0;1.0;8.0;0.0;0.0;1.0;6.0;3.0;6.0;10.0;2.0;2.0;3.0;2.0;2.0;1.0;2.0;0.0;0.0;8.0;0.0;1.0;0.0;2.0;3.0;0.0;4.0;35.0;0.0;1.0;1.0;3.0;2.0;2.0;1.0;2.0;0.0;1.0;0.0;0.0;1.0;0.0;1.0;0.0;1.0;2.0;1.0;0.0;0.0;17.0;4.0;1.0;0.0;0.0;1.0;0.0;3.0;0.0;7.0;6.0;2.0;0.0;0.0;0.0;2.0;1.0;0.0;1.0;4.0;3.0;5.0;1.0;0.0;1.0;1.0;8.0;0.0;0.0;2.0;0.0;0.0;3.0;3.0;1.0;2.0;0.0;3.0;0.0;2.0;0.0;0.0;0.0;2.0;1.0;21.0;1.0;5.0;2.0;0.0;3.0;0.0;0.0;0.0;7.0;2.0;1.0;4.0;11.0;0.0;0.0;0.0;0.0;0.0;3.0;3.0;0.0;0.0;0.0;0.0;0.0;David Chiang
Dean Shek;0.0;0.0;0.0;0.0;0.0;0.0;4.0;0.0;0.0;0.0;0.0;0.0;0.0;0.0;1.0;0.0;3.0;0.0;1.0;0.0;0.0;0.0;1.0;0.0;1.0;1.0;0.0;0.0;0.0;0.0;0.0;0.0;0.0;7.0;0.0;0.0;1.0;1.0;1.0;0.0;0.0;0.0;0.0;0.0;0.0;0.0;0.0;0.0;0.0;0.0;0.0;0.0;0.0;0.0;2.0;0.0;0.0;0.0;0.0;0.0;0.0;0.0;0.0;2.0;0.0;0.0;0.0;1.0;0.0;0.0;1.0;0.0;0.0;1.0;0.0;2.0;1.0;0.0;0.0;1.0;2.0;0.0;0.0;0.0;0.0;0.0;0.0;0.0;1.0;0.0;0.0;2.0;0.0;0.0;0.0;0.0;0.0;2.0;0.0;0.0;0.0;0.0;2.0;1.0;0.0;0.0;0.0;3.0;0.0;0.0;0.0;1.0;1.0;0.0;0.0;0.0;0.0;0.0;1.0;3.0;0.0;0.0;0.0;0.0;0.0;Dean Shek
Derek Yee Tung-Sing;2.0;1.0;0.0;0.0;6.0;1.0;5.0;0.0;1.0;0.0;0.0;0.0;1.0;0.0;6.0;0.0;0.0;0.0;1.0;0.0;1.0;0.0;0.0;0.0;5.0;0.0;0.0;1.0;0.0;0.0;1.0;0.0;1.0;0.0;16.0;0.0;6.0;2.0;0.0;0.0;0.0;0.0;0.0;3.0;0.0;0.0;0.0;0.0;5.0;0.0;1.0;2.0;0.0;0.0;10.0;9.0;0.0;1.0;0.0;1.0;0.0;0.0;0.0;0.0;0.0;3.0;2.0;0.0;0.0;3.0;0.0;0.0;0.0;0.0;0.0;1.0;2.0;0.0;0.0;0.0;6.0;0.0;0.0;0.0;2.0;1.0;6.0;4.0;1.0;0.0;1.0;1.0;0.0;2.0;0.0;0.0;1.0;0.0;2.0;7.0;0.0;1.0;0.0;0.0;1.0;1.0;0.0;0.0;0.0;0.0;0.0;2.0;1.0;0.0;0.0;0.0;0.0;4.0;0.0;3.0;0.0;0.0;4.0;0.0;5.0;Derek Yee Tung-Sing
Dick Wei;3.0;2.0;0.0;4.0;0.0;0.0;4.0;0.0;0.0;0.0;0.0;1.0;1.0;0.0;2.0;0.0;0.0;0.0;1.0;3.0;2.0;0.0;0.0;0.0;1.0;0.0;0.0;0.0;0.0;0.0;1.0;2.0;1.0;0.0;0.0;10.0;1.0;0.0;0.0;0.0;0.0;0.0;0.0;0.0;0.0;0.0;0.0;0.0;3.0;0.0;5.0;5.0;2.0;0.0;5.0;3.0;0.0;1.0;0.0;3.0;0.0;0.0;1.0;0.0;0.0;1.0;1.0;0.0;0.0;0.0;0.0;0.0;0.0;0.0;0.0;1.0;1.0;0.0;0.0;0.0;2.0;3.0;0.0;3.0;0.0;1.0;2.0;1.0;0.0;3.0;0.0;1.0;0.0;0.0;0.0;2.0;0.0;0.0;2.0;2.0;0.0;0.0;0.0;0.0;2.0;3.0;0.0;0.0;0.0;0.0;0.0;2.0;0.0;0.0;0.0;1.0;2.0;1.0;0.0;1.0;0.0;1.0;2.0;0.0;2.0;Dick Wei
Elliot Ngok;3.0;1.0;1.0;2.0;2.0;0.0;5.0;0.0;2.0;1.0;2.0;2.0;3.0;1.0;12.0;5.0;1.0;1.0;1.0;1.0;1.0;2.0;4.0;0.0;6.0;4.0;1.0;2.0;3.0;1.0;0.0;2.0;3.0;1.0;6.0;1.0;39.0;9.0;3.0;0.0;0.0;4.0;0.0;3.0;0.0;1.0;2.0;1.0;3.0;1.0;3.0;2.0;1.0;0.0;16.0;9.0;2.0;1.0;0.0;3.0;1.0;0.0;0.0;2.0;0.0;4.0;6.0;2.0;0.0;0.0;3.0;3.0;0.0;4.0;5.0;3.0;4.0;3.0;0.0;0.0;14.0;0.0;5.0;1.0;0.0;1.0;5.0;7.0;3.0;1.0;0.0;6.0;2.0;2.0;0.0;2.0;2.0;3.0;4.0;8.0;6.0;5.0;3.0;3.0;3.0;1.0;0.0;7.0;0.0;1.0;0.0;6.0;6.0;4.0;0.0;0.0;0.0;2.0;1.0;11.0;1.0;0.0;2.0;0.0;4.0;Elliot Ngok
Fan Mei-Sheng;0.0;0.0;1.0;1.0;1.0;0.0;1.0;1.0;0.0;1.0;4.0;3.0;1.0;5.0;7.0;3.0;1.0;0.0;1.0;0.0;0.0;1.0;1.0;0.0;2.0;3.0;3.0;0.0;2.0;1.0;0.0;3.0;2.0;1.0;2.0;0.0;9.0;28.0;2.0;0.0;1.0;1.0;0.0;0.0;0.0;1.0;1.0;1.0;0.0;2.0;0.0;0.0;0.0;0.0;14.0;1.0;1.0;0.0;0.0;0.0;1.0;3.0;0.0;0.0;1.0;0.0;1.0;0.0;0.0;0.0;0.0;3.0;0.0;2.0;8.0;4.0;3.0;4.0;1.0;1.0;7.0;0.0;2.0;0.0;0.0;1.0;2.0;2.0;2.0;0.0;0.0;2.0;3.0;2.0;0.0;0.0;1.0;5.0;2.0;4.0;8.0;3.0;6.0;1.0;1.0;0.0;0.0;5.0;3.0;1.0;0.0;4.0;5.0;6.0;0.0;0.0;0.0;0.0;2.0;7.0;0.0;0.0;0.0;0.0;1.0;Fan Mei-Sheng
Fang Mian;0.0;0.0;1.0;0.0;0.0;0.0;2.0;2.0;0.0;5.0;6.0;0.0;0.0;5.0;3.0;3.0;3.0;0.0;0.0;0.0;0.0;0.0;1.0;0.0;3.0;4.0;1.0;0.0;0.0;3.0;0.0;0.0;2.0;1.0;0.0;0.0;3.0;2.0;20.0;0.0;0.0;4.0;0.0;0.0;0.0;3.0;1.0;2.0;0.0;2.0;0.0;0.0;0.0;0.0;6.0;0.0;1.0;0.0;0.0;0.0;3.0;1.0;0.0;4.0;0.0;0.0;0.0;2.0;0.0;0.0;2.0;5.0;0.0;1.0;0.0;0.0;2.0;3.0;1.0;0.0;9.0;0.0;1.0;0.0;0.0;0.0;0.0;0.0;0.0;0.0;0.0;5.0;3.0;1.0;0.0;0.0;0.0;2.0;0.0;0.0;6.0;0.0;1.0;2.0;0.0;0.0;0.0;3.0;3.0;1.0;0.0;2.0;1.0;6.0;0.0;0.0;0.0;0.0;4.0;4.0;0.0;0.0;0.0;0.0;0.0;Fang Mian
Fung Hak-On;5.0;0.0;0.0;2.0;0.0;0.0;1.0;0.0;0.0;0.0;0.0;1.0;0.0;0.0;0.0;0.0;0.0;3.0;1.0;0.0;3.0;0.0;0.0;0.0;0.0;0.0;0.0;0.0;0.0;0.0;0.0;0.0;1.0;0.0;0.0;0.0;0.0;0.0;0.0;6.0;3.0;0.0;1.0;0.0;0.0;0.0;0.0;0.0;0.0;0.0;2.0;0.0;0.0;0.0;0.0;0.0;0.0;0.0;0.0;0.0;0.0;0.0;0.0;0.0;2.0;0.0;0.0;0.0;0.0;2.0;0.0;2.0;2.0;0.0;0.0;0.0;0.0;0.0;0.0;3.0;0.0;0.0;0.0;0.0;0.0;1.0;1.0;0.0;0.0;0.0;0.0;0.0;0.0;0.0;0.0;0.0;0.0;0.0;1.0;1.0;0.0;0.0;0.0;0.0;0.0;0.0;0.0;0.0;0.0;0.0;0.0;0.0;0.0;0.0;0.0;0.0;1.0;0.0;0.0;0.0;0.0;0.0;0.0;0.0;0.0;Fung Hak-On
Fung Ngai;3.0;0.0;0.0;2.0;0.0;0.0;0.0;0.0;0.0;0.0;1.0;2.0;0.0;0.0;1.0;0.0;0.0;1.0;3.0;0.0;3.0;0.0;2.0;0.0;0.0;0.0;0.0;0.0;0.0;1.0;0.0;0.0;2.0;0.0;0.0;0.0;0.0;1.0;0.0;3.0;8.0;0.0;1.0;0.0;0.0;0.0;2.0;0.0;0.0;2.0;1.0;0.0;0.0;0.0;3.0;0.0;0.0;0.0;0.0;0.0;2.0;1.0;0.0;0.0;2.0;0.0;0.0;0.0;0.0;2.0;0.0;4.0;1.0;0.0;1.0;1.0;0.0;0.0;0.0;3.0;2.0;0.0;0.0;0.0;0.0;0.0;0.0;0.0;0.0;0.0;0.0;0.0;0.0;0.0;0.0;0.0;0.0;1.0;0.0;1.0;2.0;1.0;0.0;0.0;0.0;0.0;0.0;0.0;0.0;0.0;0.0;1.0;0.0;0.0;0.0;0.0;0.0;0.0;2.0;0.0;0.0;0.0;0.0;0.0;0.0;Fung Ngai
Goo Man-Chung;0.0;0.0;0.0;0.0;0.0;0.0;0.0;0.0;0.0;4.0;1.0;0.0;0.0;0.0;3.0;4.0;0.0;0.0;0.0;0.0;0.0;0.0;2.0;0.0;1.0;3.0;1.0;0.0;0.0;0.0;0.0;0.0;0.0;0.0;0.0;0.0;4.0;1.0;4.0;0.0;0.0;9.0;0.0;0.0;0.0;2.0;0.0;0.0;0.0;0.0;0.0;0.0;0.0;0.0;2.0;0.0;0.0;0.0;0.0;0.0;1.0;0.0;0.0;1.0;0.0;0.0;0.0;3.0;0.0;0.0;3.0;1.0;0.0;0.0;1.0;0.0;0.0;2.0;0.0;0.0;2.0;0.0;2.0;0.0;0.0;0.0;0.0;0.0;1.0;0.0;0.0;0.0;2.0;1.0;0.0;0.0;1.0;1.0;0.0;0.0;4.0;0.0;0.0;1.0;0.0;0.0;0.0;1.0;0.0;0.0;0.0;2.0;0.0;6.0;0.0;0.0;0.0;0.0;1.0;5.0;0.0;0.0;0.0;0.0;0.0;Goo Man-Chung
Gordon Liu Chia-Hui;6.0;0.0;0.0;2.0;0.0;0.0;2.0;0.0;1.0;0.0;0.0;2.0;0.0;0.0;3.0;0.0;0.0;2.0;1.0;0.0;3.0;0.0;0.0;1.0;0.0;0.0;0.0;1.0;0.0;0.0;1.0;0.0;1.0;0.0;0.0;0.0;0.0;0.0;0.0;1.0;1.0;0.0;20.0;1.0;8.0;0.0;0.0;0.0;2.0;0.0;12.0;9.0;0.0;6.0;4.0;0.0;0.0;1.0;0.0;5.0;0.0;0.0;0.0;0.0;5.0;0.0;0.0;0.0;1.0;4.0;0.0;1.0;2.0;0.0;0.0;5.0;0.0;0.0;7.0;2.0;4.0;1.0;0.0;0.0;2.0;0.0;0.0;2.0;0.0;2.0;1.0;1.0;0.0;2.0;0.0;1.0;0.0;0.0;1.0;0.0;0.0;0.0;0.0;0.0;0.0;1.0;1.0;0.0;0.0;0.0;7.0;6.0;0.0;0.0;1.0;0.0;6.0;1.0;0.0;1.0;2.0;0.0;0.0;1.0;0.0;Gordon Liu Chia-Hui
Helen Poon Bing-Seung;1.0;1.0;0.0;0.0;1.0;1.0;1.0;0.0;1.0;0.0;0.0;0.0;0.0;0.0;3.0;0.0;0.0;0.0;0.0;2.0;0.0;0.0;0.0;1.0;3.0;0.0;0.0;3.0;0.0;0.0;0.0;0.0;0.0;0.0;3.0;0.0;3.0;0.0;0.0;0.0;0.0;0.0;1.0;8.0;1.0;0.0;0.0;0.0;2.0;0.0;3.0;2.0;0.0;0.0;1.0;5.0;0.0;1.0;0.0;1.0;0.0;0.0;2.0;0.0;0.0;1.0;2.0;0.0;0.0;0.0;0.0;0.0;0.0;0.0;0.0;1.0;0.0;0.0;0.0;0.0;3.0;2.0;0.0;2.0;0.0;0.0;2.0;1.0;0.0;2.0;1.0;0.0;0.0;1.0;0.0;3.0;2.0;0.0;2.0;2.0;0.0;1.0;0.0;0.0;1.0;0.0;1.0;0.0;0.0;0.0;1.0;2.0;0.0;0.0;1.0;0.0;1.0;3.0;0.0;2.0;1.0;2.0;1.0;0.0;1.0;Helen Poon Bing-Seung
Hsiao Ho;1.0;0.0;0.0;0.0;0.0;0.0;1.0;0.0;1.0;0.0;0.0;0.0;0.0;0.0;2.0;0.0;0.0;0.0;0.0;0.0;1.0;0.0;0.0;0.0;0.0;0.0;0.0;0.0;0.0;0.0;1.0;0.0;0.0;0.0;0.0;0.0;0.0;0.0;0.0;0.0;0.0;0.0;8.0;1.0;9.0;0.0;0.0;0.0;1.0;0.0;7.0;8.0;0.0;5.0;2.0;0.0;0.0;0.0;0.0;5.0;0.0;0.0;0.0;0.0;1.0;0.0;0.0;0.0;0.0;1.0;0.0;0.0;0.0;0.0;0.0;1.0;0.0;0.0;4.0;0.0;3.0;0.0;0.0;0.0;1.0;0.0;0.0;0.0;0.0;0.0;0.0;0.0;0.0;1.0;0.0;1.0;0.0;0.0;0.0;0.0;0.0;0.0;0.0;0.0;0.0;1.0;0.0;0.0;0.0;0.0;4.0;5.0;0.0;0.0;0.0;0.0;2.0;0.0;0.0;1.0;2.0;0.0;0.0;1.0;0.0;Hsiao Ho
Hung Lau;0.0;0.0;0.0;0.0;0.0;0.0;0.0;1.0;0.0;4.0;2.0;0.0;0.0;2.0;2.0;1.0;0.0;0.0;0.0;0.0;0.0;0.0;1.0;0.0;1.0;1.0;2.0;0.0;0.0;1.0;0.0;0.0;1.0;0.0;0.0;0.0;1.0;1.0;3.0;0.0;0.0;2.0;0.0;0.0;0.0;7.0;1.0;1.0;0.0;0.0;0.0;0.0;0.0;0.0;4.0;0.0;0.0;0.0;0.0;0.0;0.0;1.0;0.0;2.0;0.0;0.0;0.0;0.0;0.0;0.0;0.0;2.0;0.0;1.0;1.0;0.0;1.0;0.0;0.0;0.0;0.0;0.0;1.0;0.0;0.0;0.0;0.0;0.0;1.0;0.0;0.0;1.0;1.0;0.0;0.0;0.0;0.0;0.0;0.0;1.0;2.0;0.0;0.0;0.0;0.0;0.0;0.0;2.0;1.0;0.0;0.0;3.0;1.0;2.0;0.0;0.0;0.0;0.0;1.0;2.0;0.0;0.0;0.0;0.0;0.0;Hung Lau
Ivy Ling Po;0.0;0.0;0.0;0.0;0.0;0.0;0.0;0.0;0.0;1.0;1.0;0.0;0.0;0.0;3.0;0.0;0.0;0.0;0.0;0.0;0.0;2.0;3.0;0.0;0.0;0.0;0.0;0.0;1.0;0.0;0.0;0.0;0.0;0.0;0.0;0.0;2.0;1.0;1.0;0.0;2.0;0.0;0.0;0.0;0.0;1.0;8.0;2.0;0.0;3.0;0.0;0.0;0.0;0.0;2.0;0.0;1.0;0.0;0.0;0.0;3.0;1.0;0.0;0.0;0.0;0.0;0.0;0.0;0.0;0.0;0.0;2.0;0.0;1.0;2.0;0.0;1.0;0.0;0.0;0.0;5.0;0.0;0.0;0.0;0.0;0.0;0.0;0.0;2.0;0.0;0.0;1.0;1.0;1.0;0.0;0.0;0.0;0.0;1.0;0.0;3.0;1.0;0.0;0.0;0.0;0.0;0.0;2.0;0.0;2.0;0.0;2.0;0.0;1.0;0.0;0.0;0.0;0.0;1.0;2.0;0.0;0.0;0.0;0.0;0.0;Ivy Ling Po
James Nam Gung-Fan;0.0;0.0;1.0;0.0;0.0;0.0;1.0;1.0;0.0;1.0;0.0;0.0;0.0;0.0;1.0;0.0;0.0;0.0;0.0;0.0;0.0;1.0;0.0;0.0;0.0;0.0;0.0;0.0;1.0;1.0;0.0;0.0;1.0;0.0;0.0;0.0;1.0;1.0;2.0;0.0;0.0;0.0;0.0;0.0;0.0;1.0;2.0;7.0;0.0;0.0;0.0;0.0;0.0;0.0;2.0;0.0;2.0;0.0;0.0;0.0;1.0;1.0;0.0;1.0;2.0;0.0;0.0;0.0;0.0;0.0;1.0;0.0;0.0;1.0;2.0;2.0;1.0;0.0;0.0;0.0;2.0;0.0;0.0;0.0;0.0;0.0;0.0;0.0;2.0;0.0;0.0;2.0;1.0;0.0;0.0;0.0;0.0;0.0;1.0;1.0;2.0;1.0;2.0;0.0;0.0;0.0;0.0;3.0;1.0;2.0;0.0;3.0;1.0;1.0;0.0;0.0;0.0;0.0;0.0;1.0;0.0;0.0;0.0;0.0;0.0;James Nam Gung-Fan
Jason Pai Piao;1.0;2.0;0.0;0.0;0.0;2.0;6.0;0.0;2.0;0.0;0.0;3.0;0.0;0.0;6.0;0.0;0.0;0.0;2.0;0.0;2.0;0.0;0.0;1.0;3.0;0.0;0.0;1.0;0.0;0.0;4.0;1.0;0.0;0.0;5.0;3.0;3.0;0.0;0.0;0.0;0.0;0.0;2.0;2.0;1.0;0.0;0.0;0.0;22.0;0.0;2.0;2.0;3.0;0.0;10.0;8.0;0.0;8.0;0.0;4.0;0.0;0.0;0.0;0.0;0.0;1.0;4.0;0.0;1.0;4.0;0.0;0.0;0.0;0.0;0.0;4.0;0.0;0.0;1.0;0.0;2.0;1.0;0.0;0.0;2.0;0.0;6.0;1.0;0.0;2.0;2.0;1.0;0.0;3.0;1.0;5.0;3.0;0.0;2.0;4.0;0.0;0.0;0.0;0.0;1.0;3.0;0.0;0.0;0.0;0.0;0.0;1.0;0.0;0.0;0.0;3.0;0.0;6.0;0.0;7.0;4.0;0.0;3.0;1.0;4.0;Jason Pai Piao
Jimmy Wang Yu;0.0;0.0;0.0;0.0;0.0;0.0;0.0;2.0;0.0;0.0;3.0;0.0;0.0;5.0;4.0;1.0;2.0;0.0;0.0;0.0;0.0;0.0;5.0;0.0;0.0;1.0;2.0;0.0;1.0;2.0;0.0;0.0;1.0;0.0;0.0;0.0;1.0;2.0;2.0;0.0;2.0;0.0;0.0;0.0;0.0;0.0;3.0;0.0;0.0;11.0;0.0;0.0;0.0;0.0;5.0;0.0;0.0;0.0;0.0;0.0;4.0;1.0;0.0;1.0;2.0;0.0;0.0;0.0;0.0;0.0;0.0;3.0;0.0;0.0;1.0;0.0;0.0;4.0;3.0;0.0;6.0;0.0;0.0;0.0;0.0;0.0;0.0;0.0;1.0;0.0;0.0;0.0;1.0;0.0;0.0;0.0;0.0;2.0;0.0;1.0;8.0;0.0;0.0;2.0;0.0;0.0;0.0;0.0;3.0;1.0;0.0;1.0;1.0;2.0;0.0;0.0;0.0;0.0;2.0;3.0;0.0;0.0;0.0;0.0;0.0;Jimmy Wang Yu
Johnny Wang Lung-Wei;17.0;2.0;0.0;7.0;0.0;1.0;5.0;0.0;1.0;0.0;0.0;2.0;1.0;0.0;6.0;0.0;0.0;6.0;1.0;8.0;2.0;0.0;0.0;0.0;0.0;0.0;0.0;0.0;0.0;0.0;3.0;2.0;2.0;0.0;1.0;5.0;3.0;0.0;0.0;2.0;1.0;0.0;12.0;3.0;7.0;0.0;0.0;0.0;2.0;0.0;36.0;11.0;3.0;7.0;13.0;3.0;0.0;2.0;0.0;11.0;0.0;0.0;2.0;0.0;3.0;1.0;1.0;0.0;2.0;0.0;0.0;1.0;6.0;0.0;0.0;1.0;0.0;0.0;3.0;5.0;3.0;8.0;0.0;8.0;1.0;1.0;0.0;4.0;0.0;9.0;1.0;2.0;0.0;1.0;0.0;7.0;0.0;0.0;1.0;4.0;0.0;0.0;0.0;0.0;2.0;2.0;0.0;0.0;0.0;0.0;5.0;11.0;1.0;0.0;0.0;1.0;6.0;2.0;0.0;3.0;3.0;3.0;2.0;3.0;3.0;Johnny Wang Lung-Wei
Kara Hui;7.0;0.0;0.0;3.0;2.0;0.0;5.0;0.0;2.0;0.0;0.0;1.0;1.0;0.0;4.0;0.0;0.0;0.0;0.0;3.0;2.0;0.0;0.0;1.0;2.0;0.0;0.0;1.0;0.0;0.0;2.0;2.0;1.0;0.0;2.0;5.0;2.0;0.0;0.0;0.0;0.0;0.0;9.0;2.0;8.0;0.0;0.0;0.0;2.0;0.0;11.0;24.0;2.0;6.0;6.0;7.0;0.0;1.0;0.0;9.0;0.0;0.0;1.0;0.0;1.0;3.0;2.0;0.0;1.0;0.0;0.0;0.0;1.0;0.0;0.0;4.0;2.0;0.0;5.0;0.0;7.0;3.0;0.0;3.0;3.0;1.0;2.0;2.0;1.0;4.0;1.0;2.0;0.0;2.0;0.0;3.0;0.0;0.0;3.0;2.0;0.0;0.0;0.0;0.0;1.0;2.0;0.0;0.0;0.0;0.0;4.0;9.0;0.0;0.0;0.0;0.0;3.0;0.0;0.0;2.0;2.0;1.0;1.0;1.0;1.0;Kara Hui
Keung Hon;1.0;0.0;0.0;1.0;0.0;0.0;3.0;0.0;0.0;0.0;0.0;1.0;1.0;0.0;2.0;0.0;0.0;0.0;1.0;1.0;2.0;0.0;0.0;0.0;0.0;0.0;0.0;0.0;0.0;0.0;0.0;3.0;0.0;0.0;0.0;2.0;1.0;0.0;0.0;0.0;0.0;0.0;0.0;0.0;0.0;0.0;0.0;0.0;3.0;0.0;3.0;2.0;9.0;0.0;2.0;2.0;0.0;3.0;0.0;5.0;0.0;0.0;1.0;0.0;0.0;0.0;1.0;0.0;0.0;0.0;0.0;0.0;0.0;0.0;0.0;1.0;0.0;0.0;0.0;0.0;2.0;1.0;0.0;1.0;0.0;0.0;1.0;2.0;0.0;1.0;0.0;0.0;0.0;2.0;0.0;2.0;0.0;0.0;2.0;0.0;0.0;0.0;0.0;0.0;2.0;1.0;1.0;0.0;0.0;0.0;0.0;3.0;0.0;0.0;0.0;2.0;0.0;0.0;0.0;1.0;1.0;0.0;0.0;0.0;2.0;Keung Hon
King Lee King-Chu;3.0;0.0;0.0;0.0;0.0;0.0;1.0;0.0;1.0;0.0;0.0;0.0;0.0;0.0;1.0;0.0;0.0;0.0;0.0;0.0;1.0;0.0;0.0;0.0;0.0;0.0;0.0;0.0;0.0;0.0;1.0;0.0;0.0;0.0;0.0;0.0;0.0;0.0;0.0;0.0;0.0;0.0;6.0;0.0;5.0;0.0;0.0;0.0;0.0;0.0;7.0;6.0;0.0;7.0;1.0;0.0;0.0;0.0;0.0;4.0;0.0;0.0;0.0;0.0;1.0;0.0;0.0;0.0;1.0;0.0;0.0;0.0;0.0;0.0;0.0;1.0;0.0;0.0;2.0;0.0;1.0;0.0;0.0;0.0;1.0;0.0;0.0;0.0;0.0;0.0;1.0;0.0;0.0;0.0;0.0;0.0;0.0;0.0;0.0;0.0;0.0;0.0;0.0;0.0;0.0;1.0;0.0;0.0;0.0;0.0;3.0;5.0;0.0;0.0;0.0;0.0;1.0;0.0;0.0;0.0;2.0;0.0;0.0;1.0;0.0;King Lee King-Chu
Ku Feng;10.0;2.0;2.0;6.0;2.0;1.0;11.0;6.0;1.0;5.0;5.0;8.0;3.0;9.0;17.0;7.0;3.0;1.0;3.0;5.0;3.0;3.0;5.0;1.0;10.0;1.0;4.0;3.0;5.0;5.0;5.0;5.0;17.0;2.0;10.0;5.0;16.0;14.0;6.0;0.0;3.0;2.0;4.0;1.0;2.0;4.0;2.0;2.0;10.0;5.0;13.0;6.0;2.0;1.0;84.0;12.0;1.0;5.0;1.0;4.0;1.0;6.0;1.0;6.0;5.0;6.0;5.0;2.0;2.0;3.0;0.0;5.0;1.0;7.0;5.0;7.0;4.0;5.0;4.0;0.0;21.0;5.0;3.0;5.0;4.0;1.0;9.0;7.0;3.0;5.0;2.0;8.0;2.0;5.0;1.0;6.0;3.0;9.0;3.0;30.0;10.0;4.0;2.0;3.0;4.0;2.0;0.0;7.0;6.0;4.0;1.0;8.0;10.0;3.0;1.0;1.0;8.0;3.0;8.0;16.0;1.0;0.0;5.0;2.0;8.0;Ku Feng
Ku Kuan-Chung;4.0;2.0;0.0;2.0;6.0;2.0;5.0;0.0;4.0;0.0;0.0;3.0;4.0;0.0;14.0;0.0;0.0;0.0;1.0;2.0;0.0;0.0;0.0;0.0;10.0;0.0;0.0;3.0;3.0;0.0;2.0;4.0;4.0;0.0;9.0;3.0;9.0;1.0;0.0;0.0;0.0;0.0;0.0;5.0;0.0;0.0;0.0;0.0;8.0;0.0;3.0;7.0;2.0;0.0;12.0;33.0;1.0;7.0;1.0;6.0;0.0;0.0;1.0;0.0;0.0;7.0;9.0;0.0;3.0;1.0;0.0;0.0;1.0;0.0;0.0;2.0;4.0;0.0;0.0;0.0;12.0;4.0;0.0;2.0;2.0;0.0;11.0;8.0;2.0;2.0;2.0;1.0;0.0;3.0;1.0;6.0;3.0;0.0;5.0;9.0;0.0;2.0;0.0;0.0;3.0;2.0;0.0;2.0;0.0;0.0;0.0;3.0;4.0;0.0;2.0;3.0;1.0;6.0;0.0;10.0;4.0;0.0;4.0;3.0;6.0;Ku Kuan-Chung
Ku Wen-Chung;0.0;0.0;2.0;0.0;0.0;0.0;2.0;0.0;0.0;1.0;0.0;0.0;0.0;0.0;2.0;0.0;0.0;0.0;0.0;0.0;0.0;0.0;0.0;0.0;1.0;0.0;0.0;0.0;2.0;1.0;0.0;0.0;1.0;0.0;0.0;0.0;2.0;1.0;1.0;0.0;0.0;0.0;0.0;0.0;0.0;0.0;1.0;2.0;0.0;0.0;0.0;0.0;0.0;0.0;1.0;1.0;6.0;0.0;0.0;0.0;1.0;0.0;0.0;0.0;1.0;1.0;0.0;0.0;0.0;0.0;0.0;0.0;0.0;2.0;1.0;0.0;0.0;0.0;0.0;0.0;4.0;0.0;0.0;0.0;0.0;0.0;1.0;0.0;1.0;0.0;0.0;1.0;2.0;0.0;0.0;0.0;0.0;0.0;1.0;0.0;2.0;1.0;1.0;0.0;1.0;0.0;0.0;1.0;0.0;2.0;0.0;1.0;0.0;1.0;0.0;0.0;0.0;0.0;0.0;2.0;0.0;0.0;0.0;0.0;0.0;Ku Wen-Chung
Kwan Fung;1.0;1.0;0.0;0.0;0.0;2.0;3.0;0.0;2.0;0.0;0.0;1.0;0.0;0.0;4.0;0.0;0.0;0.0;0.0;1.0;0.0;0.0;0.0;1.0;0.0;0.0;0.0;2.0;1.0;0.0;4.0;1.0;0.0;0.0;1.0;1.0;1.0;0.0;0.0;0.0;0.0;0.0;1.0;1.0;0.0;0.0;0.0;0.0;8.0;0.0;2.0;1.0;3.0;0.0;5.0;7.0;0.0;18.0;1.0;4.0;0.0;0.0;2.0;0.0;0.0;0.0;3.0;0.0;2.0;1.0;0.0;0.0;0.0;0.0;0.0;3.0;0.0;0.0;0.0;0.0;2.0;2.0;0.0;1.0;3.0;1.0;2.0;2.0;0.0;1.0;2.0;1.0;0.0;2.0;1.0;3.0;1.0;0.0;1.0;3.0;0.0;0.0;0.0;0.0;2.0;1.0;3.0;0.0;0.0;0.0;0.0;1.0;0.0;0.0;2.0;6.0;2.0;1.0;0.0;3.0;4.0;1.0;0.0;5.0;2.0;Kwan Fung
Lam Chi-Tai;1.0;0.0;0.0;0.0;0.0;2.0;2.0;0.0;0.0;0.0;0.0;1.0;0.0;0.0;0.0;0.0;0.0;0.0;0.0;6.0;0.0;0.0;0.0;4.0;0.0;0.0;0.0;0.0;0.0;0.0;0.0;1.0;0.0;0.0;0.0;0.0;0.0;0.0;0.0;0.0;0.0;0.0;0.0;0.0;0.0;0.0;0.0;0.0;0.0;0.0;0.0;0.0;0.0;0.0;1.0;1.0;0.0;1.0;8.0;0.0;0.0;0.0;6.0;0.0;0.0;0.0;0.0;0.0;1.0;0.0;0.0;0.0;0.0;0.0;0.0;1.0;0.0;0.0;0.0;0.0;1.0;3.0;0.0;6.0;5.0;0.0;1.0;0.0;0.0;5.0;0.0;0.0;0.0;0.0;4.0;4.0;0.0;0.0;0.0;0.0;0.0;0.0;0.0;0.0;1.0;1.0;1.0;0.0;0.0;0.0;0.0;2.0;0.0;0.0;8.0;0.0;0.0;0.0;0.0;0.0;1.0;6.0;0.0;0.0;0.0;Lam Chi-Tai
Lam Fai-Wong;4.0;2.0;0.0;2.0;1.0;1.0;6.0;0.0;1.0;0.0;0.0;2.0;2.0;0.0;9.0;0.0;0.0;0.0;0.0;2.0;1.0;0.0;0.0;0.0;3.0;0.0;0.0;2.0;0.0;0.0;0.0;2.0;1.0;0.0;1.0;3.0;3.0;0.0;0.0;0.0;0.0;0.0;5.0;1.0;5.0;0.0;0.0;0.0;4.0;0.0;11.0;9.0;5.0;4.0;4.0;6.0;0.0;4.0;0.0;22.0;0.0;0.0;2.0;0.0;1.0;3.0;3.0;0.0;0.0;2.0;0.0;0.0;1.0;0.0;0.0;1.0;1.0;0.0;3.0;0.0;3.0;2.0;0.0;2.0;1.0;1.0;3.0;3.0;1.0;2.0;0.0;1.0;0.0;4.0;0.0;3.0;1.0;0.0;2.0;2.0;0.0;0.0;0.0;0.0;2.0;1.0;2.0;0.0;0.0;0.0;2.0;8.0;1.0;0.0;0.0;4.0;2.0;1.0;0.0;4.0;2.0;1.0;2.0;3.0;1.0;Lam Fai-Wong
Lam Jing;0.0;0.0;0.0;0.0;0.0;0.0;0.0;0.0;0.0;1.0;1.0;0.0;0.0;1.0;4.0;0.0;1.0;0.0;0.0;0.0;0.0;0.0;2.0;0.0;1.0;1.0;1.0;0.0;1.0;1.0;0.0;0.0;0.0;0.0;0.0;0.0;1.0;1.0;3.0;0.0;2.0;1.0;0.0;0.0;0.0;0.0;3.0;1.0;0.0;4.0;0.0;0.0;0.0;0.0;1.0;0.0;1.0;0.0;0.0;0.0;7.0;0.0;0.0;0.0;0.0;0.0;0.0;0.0;0.0;0.0;1.0;2.0;0.0;1.0;1.0;0.0;0.0;2.0;1.0;0.0;4.0;0.0;0.0;0.0;0.0;0.0;0.0;0.0;2.0;0.0;0.0;0.0;3.0;0.0;0.0;0.0;0.0;0.0;1.0;0.0;7.0;1.0;0.0;0.0;0.0;0.0;0.0;1.0;1.0;1.0;0.0;1.0;0.0;4.0;0.0;0.0;0.0;0.0;2.0;3.0;0.0;0.0;0.0;0.0;0.0;Lam Jing
Lan Wei-Lieh;0.0;0.0;1.0;0.0;0.0;0.0;0.0;2.0;0.0;1.0;0.0;0.0;0.0;1.0;1.0;4.0;1.0;0.0;0.0;0.0;0.0;2.0;1.0;0.0;0.0;1.0;3.0;0.0;0.0;3.0;0.0;0.0;3.0;0.0;0.0;0.0;0.0;3.0;1.0;0.0;1.0;0.0;0.0;0.0;0.0;1.0;1.0;1.0;0.0;1.0;0.0;0.0;0.0;0.0;6.0;0.0;0.0;0.0;0.0;0.0;0.0;9.0;0.0;3.0;2.0;0.0;0.0;1.0;0.0;0.0;0.0;2.0;0.0;0.0;1.0;4.0;0.0;0.0;1.0;0.0;2.0;0.0;0.0;0.0;0.0;0.0;0.0;0.0;2.0;0.0;0.0;1.0;0.0;1.0;0.0;0.0;1.0;3.0;0.0;1.0;0.0;0.0;0.0;0.0;0.0;0.0;0.0;1.0;2.0;0.0;0.0;1.0;1.0;0.0;0.0;0.0;0.0;0.0;1.0;4.0;0.0;0.0;0.0;0.0;0.0;Lan Wei-Lieh
Lau Fong-Sai;2.0;0.0;0.0;0.0;0.0;2.0;2.0;0.0;0.0;0.0;0.0;1.0;0.0;0.0;2.0;0.0;0.0;0.0;0.0;9.0;0.0;0.0;0.0;5.0;1.0;0.0;0.0;1.0;0.0;0.0;0.0;1.0;0.0;0.0;0.0;1.0;0.0;0.0;0.0;0.0;0.0;0.0;0.0;2.0;0.0;0.0;0.0;0.0;0.0;0.0;2.0;1.0;1.0;0.0;1.0;1.0;0.0;2.0;6.0;2.0;0.0;0.0;11.0;0.0;0.0;1.0;0.0;0.0;1.0;0.0;0.0;0.0;0.0;0.0;0.0;1.0;0.0;0.0;0.0;0.0;1.0;5.0;0.0;9.0;3.0;0.0;1.0;0.0;0.0;8.0;0.0;0.0;0.0;0.0;5.0;7.0;0.0;0.0;0.0;1.0;0.0;0.0;0.0;0.0;1.0;1.0;3.0;0.0;0.0;0.0;0.0;3.0;0.0;0.0;8.0;1.0;0.0;0.0;0.0;0.0;1.0;9.0;0.0;0.0;0.0;Lau Fong-Sai
Lau Gong;0.0;0.0;2.0;1.0;0.0;0.0;2.0;5.0;0.0;0.0;1.0;1.0;0.0;4.0;4.0;2.0;3.0;0.0;0.0;0.0;1.0;1.0;1.0;0.0;2.0;1.0;1.0;0.0;0.0;3.0;0.0;0.0;7.0;2.0;0.0;0.0;2.0;0.0;4.0;0.0;0.0;1.0;0.0;0.0;0.0;2.0;0.0;1.0;0.0;1.0;0.0;0.0;0.0;0.0;6.0;0.0;0.0;0.0;0.0;0.0;0.0;3.0;0.0;12.0;3.0;0.0;0.0;1.0;0.0;0.0;1.0;1.0;0.0;2.0;0.0;3.0;2.0;0.0;1.0;0.0;2.0;0.0;0.0;0.0;0.0;0.0;0.0;0.0;0.0;0.0;0.0;1.0;0.0;0.0;0.0;0.0;0.0;3.0;0.0;4.0;0.0;1.0;0.0;1.0;1.0;0.0;1.0;0.0;5.0;0.0;0.0;2.0;3.0;1.0;0.0;0.0;0.0;0.0;1.0;2.0;0.0;0.0;0.0;0.0;0.0;Lau Gong
Lau Kar-Wing;4.0;0.0;2.0;3.0;0.0;0.0;1.0;2.0;0.0;0.0;0.0;3.0;0.0;3.0;2.0;2.0;1.0;1.0;1.0;0.0;2.0;1.0;0.0;0.0;1.0;0.0;1.0;0.0;0.0;1.0;0.0;0.0;6.0;0.0;0.0;0.0;0.0;1.0;0.0;2.0;2.0;0.0;5.0;0.0;1.0;0.0;0.0;2.0;0.0;2.0;3.0;1.0;0.0;1.0;5.0;0.0;1.0;0.0;0.0;1.0;0.0;2.0;0.0;3.0;14.0;0.0;0.0;0.0;0.0;2.0;0.0;1.0;1.0;0.0;0.0;4.0;0.0;1.0;3.0;1.0;3.0;0.0;0.0;0.0;1.0;0.0;0.0;1.0;0.0;0.0;0.0;0.0;0.0;1.0;0.0;0.0;0.0;2.0;1.0;4.0;2.0;1.0;1.0;0.0;0.0;0.0;0.0;0.0;4.0;1.0;3.0;3.0;3.0;0.0;0.0;0.0;1.0;0.0;1.0;3.0;0.0;0.0;0.0;0.0;0.0;Lau Kar-Wing
Lau Wai-Ling;3.0;0.0;0.0;1.0;2.0;0.0;2.0;0.0;2.0;0.0;0.0;0.0;1.0;0.0;5.0;0.0;0.0;0.0;0.0;2.0;0.0;0.0;0.0;0.0;7.0;0.0;0.0;1.0;1.0;0.0;0.0;2.0;2.0;0.0;3.0;1.0;4.0;0.0;0.0;0.0;0.0;0.0;0.0;1.0;0.0;0.0;0.0;0.0;1.0;0.0;1.0;3.0;0.0;0.0;6.0;7.0;1.0;0.0;0.0;3.0;0.0;0.0;1.0;0.0;0.0;10.0;3.0;0.0;0.0;0.0;0.0;0.0;0.0;1.0;0.0;0.0;3.0;0.0;0.0;0.0;2.0;2.0;0.0;2.0;0.0;0.0;5.0;3.0;1.0;2.0;0.0;2.0;0.0;1.0;1.0;1.0;1.0;0.0;1.0;4.0;0.0;1.0;0.0;0.0;2.0;0.0;0.0;0.0;0.0;0.0;0.0;1.0;2.0;0.0;1.0;0.0;1.0;1.0;0.0;3.0;0.0;1.0;3.0;0.0;3.0;Lau Wai-Ling
Lau Wing;1.0;1.0;0.0;0.0;1.0;1.0;3.0;0.0;2.0;0.0;0.0;1.0;0.0;0.0;7.0;0.0;0.0;0.0;1.0;0.0;1.0;0.0;0.0;0.0;5.0;0.0;0.0;3.0;0.0;0.0;0.0;1.0;0.0;0.0;2.0;1.0;6.0;1.0;0.0;0.0;0.0;0.0;0.0;2.0;0.0;0.0;0.0;0.0;4.0;0.0;1.0;2.0;1.0;0.0;5.0;9.0;0.0;3.0;0.0;3.0;0.0;0.0;0.0;0.0;0.0;3.0;17.0;0.0;3.0;0.0;0.0;0.0;0.0;0.0;0.0;1.0;2.0;0.0;0.0;0.0;6.0;2.0;0.0;0.0;1.0;0.0;4.0;6.0;1.0;0.0;0.0;1.0;0.0;1.0;0.0;4.0;1.0;0.0;2.0;6.0;0.0;0.0;0.0;0.0;0.0;1.0;0.0;0.0;0.0;1.0;0.0;2.0;1.0;0.0;1.0;3.0;0.0;4.0;0.0;5.0;4.0;0.0;3.0;2.0;3.0;Lau Wing
Law Hon;0.0;0.0;0.0;0.0;0.0;0.0;1.0;0.0;0.0;0.0;0.0;0.0;1.0;1.0;0.0;3.0;0.0;0.0;1.0;0.0;0.0;0.0;2.0;0.0;0.0;4.0;1.0;0.0;0.0;1.0;0.0;0.0;0.0;1.0;0.0;0.0;2.0;0.0;2.0;0.0;0.0;3.0;0.0;0.0;0.0;0.0;0.0;0.0;0.0;0.0;0.0;0.0;0.0;0.0;2.0;0.0;0.0;0.0;0.0;0.0;0.0;1.0;0.0;1.0;0.0;0.0;0.0;8.0;0.0;0.0;3.0;1.0;0.0;0.0;0.0;0.0;0.0;0.0;0.0;0.0;1.0;0.0;1.0;0.0;0.0;0.0;0.0;0.0;0.0;0.0;0.0;2.0;0.0;0.0;0.0;0.0;1.0;0.0;0.0;0.0;0.0;0.0;0.0;2.0;0.0;0.0;0.0;4.0;1.0;0.0;0.0;2.0;0.0;3.0;0.0;0.0;0.0;0.0;1.0;3.0;0.0;0.0;0.0;0.0;0.0;Law Hon
Leanne Lau Suet-Wa;1.0;0.0;0.0;0.0;0.0;0.0;0.0;0.0;1.0;0.0;0.0;2.0;0.0;0.0;1.0;0.0;0.0;0.0;0.0;0.0;0.0;0.0;0.0;0.0;0.0;0.0;0.0;0.0;0.0;0.0;0.0;0.0;0.0;0.0;0.0;0.0;0.0;0.0;0.0;0.0;0.0;0.0;1.0;0.0;0.0;0.0;0.0;0.0;1.0;0.0;2.0;1.0;0.0;1.0;2.0;3.0;0.0;2.0;1.0;0.0;0.0;0.0;1.0;0.0;0.0;0.0;3.0;0.0;6.0;1.0;0.0;0.0;0.0;0.0;0.0;1.0;0.0;0.0;1.0;0.0;1.0;1.0;0.0;0.0;2.0;0.0;0.0;2.0;0.0;0.0;2.0;0.0;0.0;0.0;1.0;2.0;0.0;0.0;0.0;1.0;0.0;0.0;0.0;0.0;0.0;0.0;0.0;0.0;0.0;0.0;0.0;1.0;0.0;0.0;2.0;1.0;0.0;2.0;0.0;1.0;2.0;0.0;0.0;2.0;1.0;Leanne Lau Suet-Wa
Lee Hoi-Sang;1.0;0.0;0.0;1.0;0.0;0.0;5.0;0.0;0.0;0.0;0.0;3.0;0.0;0.0;1.0;0.0;0.0;0.0;1.0;0.0;2.0;0.0;0.0;1.0;0.0;0.0;0.0;0.0;0.0;0.0;1.0;0.0;2.0;0.0;3.0;0.0;0.0;0.0;0.0;2.0;2.0;0.0;4.0;0.0;1.0;0.0;0.0;0.0;4.0;0.0;0.0;0.0;0.0;0.0;3.0;1.0;0.0;1.0;0.0;2.0;0.0;0.0;0.0;0.0;2.0;0.0;0.0;0.0;1.0;11.0;0.0;0.0;0.0;0.0;0.0;3.0;0.0;0.0;1.0;1.0;2.0;1.0;0.0;0.0;0.0;1.0;2.0;1.0;0.0;1.0;2.0;0.0;0.0;2.0;0.0;0.0;0.0;0.0;2.0;3.0;0.0;0.0;0.0;0.0;0.0;0.0;1.0;0.0;0.0;0.0;1.0;1.0;0.0;0.0;1.0;0.0;3.0;1.0;0.0;1.0;0.0;0.0;1.0;0.0;2.0;Lee Hoi-Sang
Lee Pang-Fei;0.0;0.0;1.0;0.0;0.0;0.0;3.0;1.0;0.0;0.0;0.0;0.0;1.0;0.0;1.0;2.0;0.0;0.0;0.0;0.0;0.0;0.0;1.0;0.0;2.0;4.0;0.0;0.0;0.0;0.0;0.0;0.0;1.0;1.0;0.0;0.0;3.0;0.0;2.0;0.0;0.0;3.0;0.0;0.0;0.0;0.0;0.0;1.0;0.0;0.0;0.0;0.0;0.0;0.0;0.0;0.0;0.0;0.0;0.0;0.0;1.0;0.0;0.0;1.0;0.0;0.0;0.0;3.0;0.0;0.0;9.0;2.0;0.0;1.0;1.0;0.0;0.0;0.0;1.0;0.0;1.0;0.0;1.0;0.0;0.0;0.0;0.0;0.0;1.0;0.0;0.0;0.0;1.0;0.0;0.0;0.0;1.0;1.0;0.0;1.0;1.0;1.0;1.0;2.0;0.0;0.0;0.0;3.0;0.0;0.0;0.0;1.0;0.0;2.0;0.0;0.0;0.0;0.0;1.0;2.0;0.0;0.0;0.0;0.0;0.0;Lee Pang-Fei
Lee Wan-Chung;2.0;0.0;1.0;1.0;0.0;0.0;3.0;0.0;0.0;2.0;4.0;0.0;0.0;0.0;4.0;1.0;0.0;1.0;1.0;0.0;2.0;0.0;3.0;0.0;0.0;1.0;1.0;0.0;1.0;1.0;0.0;0.0;0.0;0.0;0.0;0.0;3.0;3.0;5.0;2.0;4.0;1.0;1.0;0.0;0.0;2.0;2.0;0.0;0.0;3.0;1.0;0.0;0.0;0.0;5.0;0.0;0.0;0.0;0.0;0.0;2.0;2.0;0.0;1.0;1.0;0.0;0.0;1.0;0.0;0.0;2.0;15.0;1.0;1.0;2.0;1.0;0.0;1.0;0.0;2.0;4.0;0.0;1.0;0.0;0.0;0.0;0.0;0.0;1.0;0.0;0.0;1.0;3.0;1.0;0.0;0.0;0.0;3.0;1.0;0.0;4.0;0.0;0.0;3.0;0.0;0.0;0.0;2.0;0.0;0.0;0.0;1.0;0.0;3.0;0.0;0.0;0.0;0.0;3.0;6.0;0.0;0.0;0.0;0.0;0.0;Lee Wan-Chung
Leung Kar-Yan;6.0;0.0;0.0;4.0;0.0;0.0;0.0;0.0;1.0;0.0;0.0;0.0;0.0;0.0;0.0;0.0;0.0;5.0;1.0;0.0;1.0;0.0;0.0;0.0;0.0;0.0;0.0;0.0;0.0;0.0;0.0;0.0;1.0;0.0;0.0;0.0;0.0;0.0;0.0;2.0;1.0;0.0;2.0;0.0;0.0;0.0;0.0;0.0;0.0;0.0;6.0;1.0;0.0;0.0;1.0;1.0;0.0;0.0;0.0;1.0;0.0;0.0;0.0;0.0;1.0;0.0;0.0;0.0;0.0;0.0;0.0;1.0;8.0;0.0;0.0;0.0;0.0;0.0;0.0;4.0;1.0;1.0;0.0;0.0;0.0;0.0;0.0;0.0;0.0;1.0;0.0;1.0;0.0;0.0;0.0;0.0;0.0;0.0;0.0;1.0;0.0;0.0;0.0;0.0;0.0;0.0;0.0;0.0;0.0;0.0;0.0;0.0;0.0;0.0;0.0;0.0;0.0;0.0;0.0;1.0;0.0;0.0;0.0;0.0;0.0;Leung Kar-Yan
Li Ching;0.0;0.0;1.0;1.0;0.0;0.0;2.0;3.0;1.0;1.0;1.0;0.0;0.0;2.0;4.0;0.0;1.0;0.0;0.0;0.0;0.0;1.0;0.0;0.0;0.0;2.0;0.0;0.0;2.0;3.0;0.0;0.0;4.0;1.0;0.0;0.0;4.0;2.0;1.0;0.0;0.0;0.0;0.0;0.0;0.0;1.0;1.0;1.0;0.0;0.0;0.0;0.0;0.0;0.0;7.0;0.0;2.0;0.0;0.0;0.0;1.0;0.0;0.0;2.0;0.0;1.0;0.0;0.0;0.0;0.0;1.0;1.0;0.0;12.0;2.0;0.0;1.0;1.0;0.0;0.0;3.0;0.0;1.0;0.0;0.0;0.0;0.0;0.0;2.0;0.0;0.0;1.0;2.0;0.0;0.0;0.0;1.0;2.0;1.0;4.0;4.0;3.0;1.0;0.0;0.0;0.0;0.0;3.0;3.0;1.0;0.0;1.0;2.0;1.0;0.0;0.0;0.0;0.0;1.0;4.0;0.0;0.0;0.0;0.0;0.0;Li Ching
Lily Ho Li-Li;0.0;0.0;2.0;2.0;0.0;0.0;0.0;0.0;0.0;1.0;0.0;3.0;0.0;1.0;4.0;0.0;0.0;0.0;0.0;0.0;0.0;1.0;1.0;0.0;0.0;1.0;1.0;0.0;2.0;1.0;0.0;2.0;3.0;0.0;0.0;0.0;5.0;8.0;0.0;0.0;1.0;1.0;0.0;0.0;0.0;1.0;2.0;2.0;0.0;1.0;0.0;0.0;0.0;0.0;5.0;0.0;1.0;0.0;0.0;0.0;1.0;1.0;0.0;0.0;0.0;0.0;0.0;0.0;0.0;0.0;1.0;2.0;0.0;2.0;13.0;1.0;1.0;0.0;0.0;0.0;3.0;0.0;0.0;0.0;0.0;0.0;0.0;0.0;2.0;0.0;0.0;1.0;2.0;1.0;0.0;0.0;0.0;1.0;1.0;3.0;2.0;3.0;3.0;0.0;1.0;0.0;0.0;2.0;1.0;1.0;0.0;2.0;4.0;2.0;0.0;0.0;0.0;0.0;2.0;1.0;0.0;0.0;0.0;0.0;0.0;Lily Ho Li-Li
Lily Li Li-Li;3.0;0.0;1.0;1.0;0.0;2.0;8.0;2.0;1.0;0.0;0.0;5.0;0.0;1.0;5.0;1.0;1.0;0.0;2.0;1.0;3.0;1.0;0.0;1.0;3.0;0.0;1.0;0.0;1.0;2.0;1.0;2.0;5.0;2.0;1.0;1.0;3.0;4.0;0.0;0.0;1.0;0.0;5.0;1.0;1.0;0.0;0.0;2.0;4.0;0.0;1.0;4.0;1.0;1.0;7.0;2.0;0.0;3.0;1.0;1.0;0.0;4.0;1.0;3.0;4.0;0.0;1.0;0.0;1.0;3.0;0.0;1.0;0.0;0.0;1.0;28.0;3.0;0.0;3.0;1.0;7.0;1.0;0.0;1.0;2.0;2.0;1.0;3.0;1.0;1.0;2.0;2.0;0.0;3.0;1.0;2.0;1.0;3.0;3.0;8.0;0.0;0.0;1.0;0.0;2.0;0.0;1.0;1.0;2.0;0.0;2.0;4.0;4.0;0.0;1.0;0.0;3.0;0.0;1.0;2.0;1.0;1.0;0.0;0.0;0.0;Lily Li Li-Li
Ling Yun;0.0;0.0;0.0;1.0;2.0;0.0;3.0;0.0;2.0;0.0;2.0;1.0;2.0;1.0;5.0;0.0;0.0;0.0;0.0;0.0;1.0;0.0;0.0;0.0;4.0;0.0;0.0;0.0;1.0;0.0;0.0;1.0;1.0;1.0;2.0;1.0;4.0;3.0;2.0;0.0;0.0;0.0;0.0;0.0;0.0;1.0;1.0;1.0;0.0;0.0;0.0;2.0;0.0;0.0;4.0;4.0;0.0;0.0;0.0;1.0;0.0;0.0;0.0;2.0;0.0;3.0;2.0;0.0;0.0;0.0;0.0;0.0;0.0;1.0;1.0;3.0;12.0;0.0;0.0;0.0;3.0;0.0;0.0;0.0;0.0;1.0;4.0;3.0;2.0;0.0;0.0;1.0;0.0;0.0;0.0;0.0;0.0;1.0;3.0;3.0;0.0;2.0;1.0;0.0;2.0;0.0;0.0;1.0;0.0;0.0;0.0;0.0;3.0;1.0;0.0;0.0;1.0;0.0;0.0;3.0;0.0;0.0;1.0;0.0;1.0;Ling Yun
Lisa Chiao Chiao;0.0;0.0;0.0;0.0;0.0;0.0;0.0;2.0;0.0;1.0;2.0;0.0;0.0;4.0;3.0;0.0;2.0;0.0;0.0;0.0;0.0;0.0;2.0;0.0;0.0;0.0;1.0;0.0;2.0;1.0;0.0;0.0;0.0;0.0;0.0;0.0;3.0;4.0;3.0;0.0;0.0;2.0;0.0;0.0;0.0;0.0;0.0;0.0;0.0;4.0;0.0;0.0;0.0;0.0;5.0;0.0;0.0;0.0;0.0;0.0;2.0;0.0;0.0;0.0;1.0;0.0;0.0;0.0;0.0;0.0;0.0;1.0;0.0;1.0;0.0;0.0;0.0;10.0;2.0;0.0;0.0;0.0;2.0;0.0;0.0;0.0;0.0;0.0;0.0;0.0;0.0;0.0;1.0;0.0;0.0;0.0;0.0;1.0;0.0;1.0;7.0;0.0;0.0;1.0;0.0;0.0;0.0;3.0;2.0;0.0;0.0;0.0;0.0;3.0;0.0;0.0;0.0;0.0;1.0;5.0;0.0;0.0;0.0;0.0;0.0;Lisa Chiao Chiao
Liu Chia-Liang;2.0;0.0;0.0;0.0;0.0;0.0;1.0;1.0;0.0;0.0;0.0;1.0;0.0;2.0;3.0;1.0;1.0;0.0;0.0;0.0;1.0;0.0;0.0;0.0;1.0;1.0;1.0;0.0;1.0;0.0;0.0;0.0;1.0;0.0;0.0;0.0;0.0;1.0;1.0;0.0;0.0;0.0;7.0;0.0;4.0;0.0;0.0;0.0;1.0;3.0;3.0;5.0;0.0;2.0;4.0;0.0;0.0;0.0;0.0;3.0;1.0;1.0;0.0;1.0;3.0;0.0;0.0;0.0;1.0;1.0;1.0;0.0;0.0;0.0;0.0;3.0;0.0;2.0;12.0;0.0;3.0;0.0;0.0;0.0;0.0;0.0;0.0;1.0;0.0;0.0;1.0;0.0;0.0;1.0;0.0;1.0;0.0;2.0;0.0;1.0;3.0;0.0;0.0;1.0;0.0;1.0;0.0;0.0;0.0;0.0;2.0;3.0;0.0;0.0;0.0;0.0;2.0;0.0;2.0;3.0;0.0;0.0;0.0;1.0;0.0;Liu Chia-Liang
Lo Dik;7.0;0.0;0.0;3.0;0.0;0.0;0.0;0.0;0.0;0.0;0.0;0.0;0.0;0.0;0.0;0.0;0.0;4.0;2.0;1.0;4.0;0.0;0.0;0.0;0.0;0.0;0.0;0.0;0.0;0.0;0.0;0.0;1.0;1.0;0.0;0.0;0.0;1.0;0.0;3.0;3.0;0.0;2.0;0.0;0.0;0.0;0.0;0.0;0.0;0.0;5.0;0.0;0.0;0.0;0.0;0.0;0.0;0.0;0.0;0.0;0.0;0.0;0.0;0.0;1.0;0.0;0.0;0.0;0.0;1.0;0.0;2.0;4.0;0.0;0.0;1.0;0.0;0.0;0.0;9.0;0.0;1.0;0.0;1.0;0.0;0.0;0.0;0.0;0.0;2.0;0.0;1.0;0.0;0.0;0.0;1.0;0.0;0.0;0.0;1.0;0.0;0.0;1.0;0.0;0.0;0.0;0.0;0.0;0.0;0.0;0.0;1.0;1.0;0.0;0.0;0.0;0.0;0.0;0.0;1.0;0.0;0.0;0.0;0.0;0.0;Lo Dik
Lo Lieh;1.0;0.0;4.0;2.0;5.0;2.0;9.0;2.0;0.0;3.0;3.0;5.0;5.0;5.0;15.0;6.0;3.0;0.0;2.0;0.0;2.0;4.0;4.0;1.0;7.0;4.0;2.0;3.0;3.0;4.0;2.0;3.0;8.0;2.0;6.0;2.0;14.0;7.0;9.0;0.0;2.0;2.0;4.0;3.0;3.0;0.0;5.0;2.0;2.0;6.0;3.0;7.0;2.0;1.0;21.0;12.0;4.0;2.0;1.0;3.0;4.0;2.0;1.0;2.0;3.0;2.0;6.0;1.0;1.0;2.0;1.0;4.0;1.0;3.0;3.0;7.0;3.0;0.0;3.0;0.0;60.0;3.0;1.0;0.0;1.0;2.0;5.0;7.0;3.0;1.0;1.0;7.0;2.0;3.0;1.0;5.0;0.0;2.0;4.0;9.0;9.0;4.0;2.0;2.0;5.0;1.0;1.0;8.0;4.0;4.0;2.0;6.0;5.0;4.0;2.0;0.0;5.0;1.0;5.0;11.0;2.0;0.0;1.0;1.0;3.0;Lo Lieh
Lo Meng;6.0;0.0;0.0;2.0;0.0;1.0;5.0;0.0;2.0;0.0;0.0;2.0;0.0;0.0;2.0;0.0;0.0;0.0;0.0;14.0;0.0;0.0;0.0;3.0;1.0;0.0;0.0;1.0;0.0;0.0;0.0;2.0;0.0;0.0;0.0;3.0;0.0;0.0;0.0;0.0;0.0;0.0;1.0;2.0;0.0;0.0;0.0;0.0;1.0;0.0;8.0;3.0;1.0;0.0;5.0;4.0;0.0;2.0;3.0;2.0;0.0;0.0;5.0;0.0;0.0;2.0;2.0;0.0;1.0;1.0;0.0;0.0;1.0;0.0;0.0;1.0;0.0;0.0;0.0;1.0;3.0;21.0;0.0;14.0;1.0;1.0;0.0;2.0;0.0;14.0;1.0;0.0;0.0;0.0;2.0;14.0;1.0;0.0;0.0;3.0;0.0;0.0;0.0;0.0;0.0;1.0;2.0;0.0;0.0;0.0;0.0;5.0;0.0;0.0;8.0;0.0;2.0;1.0;0.0;2.0;3.0;7.0;0.0;1.0;0.0;Lo Meng
Lo Wei;0.0;0.0;0.0;0.0;0.0;0.0;0.0;0.0;0.0;0.0;2.0;0.0;0.0;0.0;0.0;3.0;0.0;0.0;0.0;0.0;0.0;0.0;0.0;0.0;0.0;2.0;1.0;0.0;0.0;0.0;0.0;0.0;0.0;0.0;0.0;0.0;5.0;2.0;1.0;0.0;0.0;2.0;0.0;0.0;0.0;1.0;0.0;0.0;0.0;0.0;0.0;0.0;0.0;0.0;3.0;0.0;0.0;0.0;0.0;0.0;0.0;0.0;0.0;0.0;0.0;0.0;0.0;1.0;0.0;0.0;1.0;1.0;0.0;1.0;0.0;0.0;0.0;2.0;0.0;0.0;1.0;0.0;6.0;0.0;0.0;0.0;0.0;0.0;1.0;0.0;0.0;0.0;0.0;0.0;0.0;0.0;0.0;0.0;0.0;0.0;3.0;0.0;0.0;1.0;0.0;0.0;0.0;0.0;0.0;0.0;0.0;0.0;0.0;2.0;0.0;0.0;0.0;0.0;0.0;3.0;0.0;0.0;0.0;0.0;0.0;Lo Wei
Lu Feng;9.0;0.0;0.0;2.0;0.0;3.0;7.0;0.0;0.0;0.0;0.0;1.0;0.0;0.0;2.0;0.0;0.0;2.0;0.0;21.0;0.0;0.0;0.0;6.0;1.0;0.0;0.0;1.0;0.0;0.0;0.0;3.0;2.0;0.0;0.0;3.0;1.0;0.0;0.0;0.0;0.0;0.0;0.0;2.0;0.0;0.0;0.0;0.0;0.0;0.0;8.0;3.0;1.0;0.0;5.0;2.0;0.0;1.0;6.0;2.0;0.0;0.0;9.0;0.0;0.0;2.0;0.0;0.0;0.0;0.0;0.0;0.0;0.0;0.0;0.0;1.0;0.0;0.0;0.0;1.0;0.0;14.0;0.0;22.0;4.0;1.0;1.0;1.0;0.0;21.0;0.0;1.0;0.0;0.0;4.0;13.0;0.0;0.0;0.0;3.0;0.0;0.0;0.0;0.0;2.0;1.0;3.0;0.0;0.0;0.0;0.0;5.0;1.0;0.0;11.0;0.0;0.0;0.0;0.0;2.0;1.0;13.0;0.0;0.0;0.0;Lu Feng
Lung Tien-Hsiang;2.0;0.0;0.0;0.0;0.0;2.0;3.0;0.0;0.0;0.0;0.0;2.0;0.0;0.0;0.0;0.0;0.0;0.0;0.0;4.0;0.0;0.0;0.0;3.0;0.0;0.0;0.0;1.0;0.0;0.0;1.0;1.0;0.0;0.0;2.0;0.0;0.0;0.0;0.0;0.0;0.0;0.0;2.0;0.0;1.0;0.0;0.0;0.0;2.0;0.0;1.0;3.0;0.0;1.0;4.0;2.0;0.0;3.0;5.0;1.0;0.0;0.0;3.0;0.0;1.0;0.0;1.0;0.0;2.0;0.0;0.0;0.0;0.0;0.0;0.0;2.0;0.0;0.0;0.0;0.0;1.0;1.0;0.0;4.0;14.0;0.0;1.0;0.0;0.0;5.0;1.0;0.0;0.0;0.0;3.0;2.0;0.0;0.0;0.0;2.0;0.0;0.0;0.0;0.0;1.0;0.0;1.0;0.0;0.0;0.0;0.0;2.0;0.0;0.0;6.0;0.0;2.0;1.0;0.0;0.0;0.0;4.0;0.0;0.0;0.0;Lung Tien-Hsiang
Ng Hong-Sang;0.0;0.0;0.0;1.0;0.0;1.0;3.0;0.0;0.0;0.0;0.0;1.0;0.0;0.0;1.0;0.0;0.0;0.0;1.0;1.0;1.0;0.0;0.0;0.0;0.0;0.0;0.0;0.0;0.0;0.0;0.0;0.0;0.0;0.0;1.0;1.0;1.0;1.0;0.0;1.0;0.0;0.0;0.0;0.0;0.0;0.0;0.0;0.0;0.0;0.0;1.0;1.0;0.0;0.0;1.0;0.0;0.0;1.0;0.0;1.0;0.0;0.0;0.0;0.0;0.0;0.0;0.0;0.0;0.0;1.0;0.0;0.0;0.0;0.0;0.0;2.0;1.0;0.0;0.0;0.0;2.0;1.0;0.0;1.0;0.0;6.0;1.0;0.0;0.0;1.0;0.0;1.0;0.0;0.0;0.0;1.0;0.0;0.0;2.0;1.0;0.0;0.0;0.0;0.0;1.0;0.0;0.0;0.0;0.0;0.0;0.0;1.0;0.0;0.0;1.0;0.0;2.0;0.0;0.0;0.0;0.0;0.0;0.0;2.0;0.0;Ng Hong-Sang
Ngaai Fei;1.0;1.0;0.0;0.0;5.0;2.0;6.0;0.0;1.0;0.0;0.0;1.0;3.0;0.0;8.0;0.0;0.0;0.0;1.0;1.0;1.0;0.0;0.0;1.0;9.0;0.0;0.0;1.0;2.0;0.0;2.0;2.0;3.0;0.0;6.0;2.0;5.0;2.0;0.0;1.0;0.0;0.0;0.0;2.0;0.0;0.0;0.0;0.0;6.0;0.0;0.0;2.0;1.0;0.0;9.0;11.0;1.0;2.0;1.0;3.0;0.0;0.0;1.0;0.0;0.0;5.0;4.0;0.0;0.0;2.0;0.0;0.0;0.0;0.0;0.0;1.0;4.0;0.0;0.0;0.0;5.0;0.0;0.0;1.0;1.0;1.0;17.0;5.0;2.0;1.0;1.0;2.0;0.0;2.0;1.0;3.0;2.0;0.0;6.0;6.0;0.0;2.0;0.0;0.0;3.0;2.0;0.0;1.0;0.0;0.0;0.0;0.0;3.0;0.0;1.0;1.0;1.0;4.0;0.0;7.0;0.0;1.0;3.0;0.0;5.0;Ngaai Fei
Norman Chu;1.0;1.0;0.0;1.0;4.0;0.0;4.0;0.0;2.0;0.0;0.0;1.0;3.0;0.0;8.0;0.0;0.0;0.0;0.0;1.0;1.0;0.0;0.0;0.0;5.0;0.0;0.0;0.0;0.0;0.0;0.0;2.0;3.0;0.0;4.0;1.0;7.0;2.0;0.0;0.0;0.0;0.0;2.0;1.0;0.0;0.0;0.0;0.0;1.0;0.0;4.0;2.0;2.0;0.0;7.0;8.0;0.0;2.0;0.0;3.0;0.0;0.0;0.0;0.0;1.0;3.0;6.0;0.0;2.0;1.0;0.0;0.0;0.0;0.0;0.0;3.0;3.0;0.0;1.0;0.0;7.0;2.0;0.0;1.0;0.0;0.0;5.0;17.0;2.0;1.0;1.0;1.0;0.0;1.0;0.0;2.0;0.0;0.0;3.0;4.0;0.0;0.0;0.0;0.0;2.0;0.0;0.0;1.0;0.0;0.0;1.0;3.0;3.0;0.0;1.0;1.0;0.0;2.0;0.0;4.0;2.0;0.0;1.0;2.0;2.0;Norman Chu
Ou-Yang Sha-Fei;0.0;0.0;0.0;0.0;1.0;0.0;2.0;0.0;0.0;0.0;0.0;0.0;1.0;1.0;3.0;2.0;1.0;0.0;0.0;0.0;0.0;1.0;0.0;0.0;1.0;0.0;1.0;0.0;1.0;0.0;0.0;0.0;1.0;1.0;1.0;0.0;3.0;2.0;0.0;0.0;0.0;1.0;0.0;0.0;0.0;1.0;2.0;2.0;0.0;1.0;0.0;1.0;0.0;0.0;3.0;2.0;1.0;0.0;0.0;1.0;2.0;2.0;0.0;0.0;0.0;1.0;1.0;0.0;0.0;0.0;1.0;1.0;0.0;2.0;2.0;1.0;2.0;0.0;0.0;0.0;3.0;0.0;1.0;0.0;0.0;0.0;2.0;2.0;10.0;0.0;0.0;2.0;2.0;1.0;0.0;0.0;1.0;2.0;2.0;1.0;4.0;1.0;0.0;0.0;0.0;0.0;0.0;2.0;1.0;1.0;0.0;1.0;0.0;2.0;0.0;0.0;0.0;0.0;0.0;7.0;0.0;0.0;0.0;0.0;0.0;Ou-Yang Sha-Fei
Philip Kwok Chun-Fung;10.0;0.0;0.0;3.0;0.0;4.0;8.0;0.0;0.0;0.0;0.0;1.0;0.0;0.0;2.0;0.0;0.0;3.0;0.0;21.0;0.0;0.0;0.0;7.0;1.0;0.0;0.0;1.0;0.0;0.0;0.0;3.0;2.0;0.0;0.0;3.0;1.0;0.0;0.0;0.0;0.0;0.0;2.0;2.0;0.0;0.0;0.0;0.0;2.0;0.0;9.0;4.0;1.0;0.0;5.0;2.0;0.0;1.0;5.0;2.0;0.0;0.0;8.0;0.0;0.0;2.0;0.0;0.0;0.0;1.0;0.0;0.0;1.0;0.0;0.0;1.0;0.0;0.0;0.0;2.0;1.0;14.0;0.0;21.0;5.0;1.0;1.0;1.0;0.0;26.0;0.0;2.0;0.0;0.0;3.0;13.0;0.0;0.0;0.0;3.0;0.0;0.0;0.0;0.0;2.0;0.0;4.0;0.0;0.0;0.0;0.0;5.0;1.0;0.0;11.0;0.0;1.0;0.0;0.0;2.0;1.0;12.0;0.0;0.0;0.0;Philip Kwok Chun-Fung
Phillip Ko Fei;1.0;0.0;0.0;0.0;0.0;0.0;1.0;0.0;1.0;0.0;0.0;2.0;0.0;0.0;0.0;0.0;0.0;0.0;0.0;0.0;1.0;0.0;0.0;0.0;0.0;0.0;0.0;0.0;0.0;0.0;1.0;0.0;0.0;0.0;1.0;0.0;0.0;0.0;0.0;0.0;0.0;0.0;1.0;1.0;0.0;0.0;0.0;0.0;2.0;0.0;1.0;1.0;0.0;1.0;2.0;2.0;0.0;2.0;0.0;0.0;0.0;0.0;0.0;0.0;0.0;0.0;0.0;0.0;2.0;2.0;0.0;0.0;0.0;0.0;0.0;2.0;0.0;0.0;1.0;0.0;1.0;1.0;0.0;0.0;1.0;0.0;1.0;1.0;0.0;0.0;6.0;0.0;0.0;0.0;0.0;1.0;1.0;0.0;0.0;3.0;0.0;0.0;0.0;0.0;0.0;0.0;0.0;0.0;0.0;0.0;0.0;1.0;0.0;0.0;0.0;0.0;1.0;0.0;0.0;0.0;1.0;0.0;0.0;0.0;1.0;Phillip Ko Fei
Shih Szu;3.0;0.0;2.0;2.0;0.0;0.0;8.0;0.0;0.0;1.0;0.0;1.0;0.0;0.0;1.0;1.0;1.0;2.0;2.0;1.0;1.0;1.0;0.0;0.0;1.0;1.0;0.0;0.0;1.0;1.0;0.0;0.0;3.0;2.0;1.0;1.0;6.0;2.0;5.0;0.0;0.0;0.0;1.0;0.0;0.0;1.0;1.0;2.0;1.0;0.0;2.0;2.0;0.0;0.0;8.0;1.0;1.0;1.0;0.0;1.0;0.0;1.0;0.0;1.0;0.0;2.0;1.0;2.0;0.0;0.0;0.0;1.0;1.0;1.0;1.0;2.0;1.0;0.0;0.0;1.0;7.0;0.0;0.0;1.0;0.0;1.0;2.0;1.0;2.0;2.0;0.0;20.0;0.0;1.0;0.0;0.0;0.0;1.0;2.0;5.0;0.0;1.0;2.0;1.0;4.0;1.0;1.0;3.0;0.0;0.0;0.0;4.0;2.0;0.0;0.0;0.0;1.0;0.0;1.0;4.0;0.0;0.0;0.0;0.0;0.0;Shih Szu
Shu Pei-Pei;0.0;0.0;0.0;0.0;0.0;0.0;3.0;0.0;0.0;4.0;2.0;0.0;0.0;0.0;6.0;1.0;0.0;0.0;0.0;0.0;0.0;0.0;0.0;0.0;1.0;1.0;0.0;0.0;1.0;1.0;0.0;0.0;0.0;0.0;0.0;0.0;2.0;3.0;3.0;0.0;0.0;2.0;0.0;0.0;0.0;1.0;1.0;1.0;0.0;1.0;0.0;0.0;0.0;0.0;2.0;0.0;2.0;0.0;0.0;0.0;3.0;0.0;0.0;0.0;0.0;0.0;0.0;0.0;0.0;0.0;1.0;3.0;0.0;2.0;2.0;0.0;0.0;1.0;0.0;0.0;2.0;0.0;0.0;0.0;0.0;0.0;0.0;0.0;2.0;0.0;0.0;0.0;11.0;2.0;0.0;0.0;0.0;3.0;1.0;0.0;5.0;1.0;2.0;2.0;0.0;0.0;0.0;4.0;0.0;1.0;0.0;0.0;0.0;5.0;0.0;0.0;0.0;0.0;2.0;3.0;0.0;0.0;0.0;0.0;0.0;Shu Pei-Pei
Shum Lo;1.0;1.0;1.0;1.0;0.0;0.0;6.0;0.0;0.0;1.0;1.0;2.0;0.0;2.0;8.0;2.0;0.0;0.0;0.0;0.0;0.0;1.0;0.0;0.0;2.0;1.0;0.0;0.0;1.0;0.0;0.0;1.0;2.0;0.0;2.0;0.0;2.0;2.0;1.0;0.0;0.0;1.0;2.0;1.0;1.0;0.0;1.0;0.0;3.0;0.0;1.0;2.0;2.0;0.0;5.0;3.0;0.0;2.0;0.0;4.0;0.0;1.0;0.0;0.0;1.0;1.0;1.0;0.0;0.0;2.0;0.0;1.0;0.0;0.0;1.0;3.0;0.0;0.0;1.0;0.0;3.0;0.0;0.0;0.0;0.0;0.0;2.0;1.0;1.0;0.0;0.0;1.0;2.0;14.0;0.0;0.0;1.0;1.0;4.0;2.0;2.0;0.0;1.0;1.0;0.0;0.0;1.0;1.0;1.0;0.0;0.0;4.0;1.0;1.0;0.0;2.0;1.0;2.0;3.0;6.0;1.0;0.0;1.0;0.0;1.0;Shum Lo
Siao Yuk;2.0;0.0;0.0;0.0;0.0;2.0;1.0;0.0;1.0;0.0;0.0;1.0;0.0;0.0;0.0;0.0;0.0;0.0;0.0;4.0;0.0;0.0;0.0;3.0;1.0;0.0;0.0;0.0;0.0;0.0;1.0;1.0;0.0;0.0;0.0;0.0;0.0;0.0;0.0;0.0;0.0;0.0;0.0;0.0;0.0;0.0;0.0;0.0;1.0;0.0;0.0;0.0;0.0;0.0;1.0;1.0;0.0;1.0;4.0;0.0;0.0;0.0;5.0;0.0;0.0;1.0;0.0;0.0;1.0;0.0;0.0;0.0;0.0;0.0;0.0;1.0;0.0;0.0;0.0;0.0;1.0;2.0;0.0;4.0;3.0;0.0;1.0;0.0;0.0;3.0;0.0;0.0;0.0;0.0;6.0;4.0;0.0;0.0;0.0;1.0;0.0;0.0;0.0;0.0;1.0;1.0;1.0;0.0;0.0;0.0;0.0;1.0;0.0;0.0;5.0;0.0;0.0;1.0;0.0;0.0;1.0;4.0;0.0;0.0;0.0;Siao Yuk
Sun Chien;4.0;0.0;0.0;1.0;0.0;3.0;5.0;0.0;1.0;0.0;0.0;3.0;0.0;0.0;4.0;0.0;0.0;0.0;1.0;14.0;0.0;0.0;0.0;3.0;2.0;0.0;0.0;2.0;0.0;0.0;1.0;2.0;0.0;0.0;0.0;2.0;2.0;0.0;0.0;0.0;0.0;0.0;1.0;3.0;1.0;0.0;0.0;0.0;5.0;0.0;7.0;3.0;2.0;0.0;6.0;6.0;0.0;3.0;4.0;3.0;0.0;0.0;7.0;0.0;0.0;1.0;4.0;0.0;2.0;0.0;0.0;0.0;0.0;0.0;0.0;2.0;0.0;0.0;1.0;1.0;5.0;14.0;0.0;13.0;2.0;1.0;3.0;2.0;0.0;13.0;1.0;0.0;0.0;0.0;4.0;23.0;2.0;0.0;0.0;4.0;0.0;0.0;0.0;0.0;0.0;1.0;1.0;0.0;0.0;0.0;0.0;5.0;0.0;0.0;7.0;1.0;1.0;1.0;0.0;6.0;4.0;8.0;0.0;1.0;2.0;Sun Chien
Tang Ching;0.0;0.0;0.0;0.0;0.0;0.0;1.0;0.0;1.0;0.0;0.0;0.0;0.0;0.0;3.0;1.0;0.0;0.0;0.0;0.0;0.0;0.0;1.0;0.0;2.0;1.0;0.0;1.0;0.0;0.0;0.0;0.0;0.0;0.0;1.0;0.0;2.0;1.0;0.0;0.0;0.0;1.0;0.0;2.0;0.0;0.0;0.0;0.0;3.0;0.0;0.0;0.0;0.0;0.0;3.0;3.0;0.0;1.0;0.0;1.0;0.0;1.0;0.0;0.0;0.0;1.0;1.0;1.0;0.0;0.0;1.0;0.0;0.0;1.0;0.0;1.0;0.0;0.0;0.0;0.0;0.0;1.0;0.0;0.0;0.0;0.0;2.0;0.0;1.0;0.0;1.0;0.0;0.0;1.0;0.0;2.0;6.0;1.0;0.0;1.0;1.0;0.0;0.0;0.0;0.0;0.0;0.0;0.0;1.0;0.0;0.0;1.0;0.0;0.0;0.0;0.0;0.0;2.0;0.0;4.0;1.0;0.0;1.0;0.0;1.0;Tang Ching
Tang Ti;0.0;0.0;0.0;0.0;0.0;0.0;3.0;0.0;0.0;1.0;2.0;0.0;0.0;2.0;5.0;3.0;2.0;0.0;0.0;0.0;0.0;0.0;1.0;0.0;3.0;0.0;2.0;0.0;0.0;1.0;0.0;0.0;2.0;2.0;0.0;0.0;3.0;5.0;2.0;0.0;1.0;1.0;0.0;0.0;0.0;0.0;0.0;0.0;0.0;2.0;0.0;0.0;0.0;0.0;9.0;0.0;0.0;0.0;0.0;0.0;0.0;3.0;0.0;3.0;2.0;0.0;0.0;0.0;0.0;0.0;1.0;3.0;0.0;2.0;1.0;3.0;1.0;1.0;2.0;0.0;2.0;0.0;0.0;0.0;0.0;0.0;0.0;0.0;2.0;0.0;0.0;1.0;3.0;1.0;0.0;0.0;1.0;13.0;0.0;1.0;4.0;0.0;2.0;2.0;0.0;0.0;0.0;1.0;1.0;0.0;0.0;3.0;0.0;0.0;0.0;0.0;0.0;0.0;2.0;5.0;0.0;0.0;0.0;0.0;0.0;Tang Ti
Teresa Ha Ping;1.0;1.0;1.0;1.0;1.0;1.0;7.0;0.0;0.0;0.0;0.0;1.0;1.0;0.0;5.0;0.0;0.0;0.0;0.0;0.0;2.0;0.0;0.0;0.0;2.0;0.0;0.0;0.0;3.0;0.0;0.0;1.0;1.0;0.0;2.0;2.0;4.0;2.0;0.0;1.0;0.0;0.0;1.0;2.0;0.0;0.0;1.0;1.0;2.0;0.0;1.0;3.0;2.0;0.0;3.0;5.0;1.0;1.0;0.0;2.0;1.0;0.0;0.0;0.0;1.0;1.0;2.0;0.0;0.0;2.0;0.0;1.0;0.0;1.0;1.0;3.0;3.0;0.0;0.0;0.0;4.0;0.0;0.0;0.0;0.0;2.0;6.0;3.0;2.0;0.0;0.0;2.0;1.0;4.0;0.0;0.0;0.0;0.0;12.0;1.0;1.0;3.0;0.0;1.0;2.0;1.0;0.0;3.0;0.0;1.0;1.0;1.0;1.0;1.0;0.0;1.0;2.0;2.0;0.0;5.0;1.0;0.0;0.0;0.0;1.0;Teresa Ha Ping
Ti Lung;7.0;2.0;4.0;4.0;3.0;2.0;3.0;7.0;3.0;0.0;0.0;6.0;1.0;4.0;10.0;0.0;0.0;2.0;3.0;3.0;2.0;2.0;0.0;1.0;12.0;0.0;0.0;2.0;2.0;2.0;2.0;3.0;21.0;0.0;7.0;2.0;8.0;4.0;0.0;1.0;1.0;0.0;0.0;2.0;0.0;1.0;0.0;1.0;4.0;1.0;4.0;2.0;0.0;0.0;30.0;9.0;0.0;3.0;0.0;2.0;0.0;1.0;1.0;4.0;4.0;4.0;6.0;0.0;1.0;3.0;1.0;0.0;1.0;4.0;3.0;8.0;3.0;1.0;1.0;1.0;9.0;3.0;0.0;3.0;2.0;1.0;6.0;4.0;1.0;3.0;3.0;5.0;0.0;2.0;1.0;4.0;1.0;1.0;1.0;48.0;1.0;6.0;2.0;1.0;1.0;1.0;0.0;0.0;5.0;3.0;0.0;6.0;11.0;0.0;1.0;1.0;2.0;1.0;2.0;5.0;1.0;1.0;5.0;1.0;5.0;Ti Lung
Tien Feng;0.0;0.0;2.0;0.0;0.0;0.0;1.0;1.0;0.0;4.0;7.0;0.0;0.0;5.0;6.0;4.0;2.0;0.0;0.0;0.0;0.0;1.0;4.0;0.0;2.0;3.0;2.0;0.0;2.0;2.0;0.0;0.0;1.0;0.0;0.0;0.0;6.0;8.0;6.0;0.0;2.0;4.0;0.0;0.0;0.0;2.0;3.0;2.0;0.0;8.0;0.0;0.0;0.0;0.0;10.0;0.0;2.0;0.0;0.0;0.0;7.0;0.0;0.0;0.0;2.0;0.0;0.0;0.0;0.0;0.0;1.0;4.0;0.0;4.0;2.0;0.0;0.0;7.0;3.0;0.0;9.0;0.0;3.0;0.0;0.0;0.0;0.0;0.0;4.0;0.0;0.0;0.0;5.0;2.0;0.0;0.0;1.0;4.0;1.0;1.0;25.0;1.0;1.0;1.0;1.0;0.0;0.0;1.0;3.0;2.0;0.0;3.0;0.0;6.0;0.0;0.0;0.0;0.0;4.0;8.0;0.0;0.0;0.0;0.0;0.0;Tien Feng
Tin Ching;0.0;0.0;3.0;1.0;1.0;1.0;1.0;0.0;1.0;0.0;0.0;4.0;2.0;0.0;3.0;0.0;0.0;0.0;1.0;0.0;0.0;1.0;0.0;0.0;3.0;0.0;0.0;0.0;3.0;0.0;0.0;2.0;5.0;0.0;1.0;0.0;5.0;3.0;0.0;0.0;1.0;0.0;0.0;1.0;0.0;0.0;1.0;1.0;0.0;0.0;0.0;0.0;0.0;0.0;4.0;2.0;1.0;0.0;0.0;0.0;1.0;0.0;0.0;1.0;1.0;1.0;0.0;0.0;0.0;0.0;1.0;0.0;0.0;3.0;3.0;0.0;2.0;0.0;0.0;0.0;4.0;0.0;0.0;0.0;0.0;0.0;2.0;0.0;1.0;0.0;0.0;1.0;1.0;0.0;0.0;0.0;0.0;0.0;3.0;6.0;1.0;12.0;1.0;0.0;1.0;0.0;0.0;3.0;2.0;1.0;0.0;2.0;3.0;1.0;0.0;0.0;0.0;1.0;0.0;2.0;0.0;0.0;0.0;0.0;0.0;Tin Ching
Tung Lam;0.0;0.0;2.0;1.0;0.0;0.0;4.0;0.0;0.0;0.0;0.0;3.0;0.0;1.0;3.0;0.0;0.0;0.0;0.0;0.0;0.0;1.0;0.0;0.0;0.0;1.0;0.0;0.0;0.0;0.0;0.0;2.0;2.0;2.0;0.0;0.0;3.0;6.0;1.0;0.0;0.0;0.0;0.0;0.0;0.0;0.0;0.0;2.0;0.0;0.0;0.0;0.0;0.0;0.0;2.0;0.0;1.0;0.0;0.0;0.0;0.0;0.0;0.0;0.0;1.0;0.0;0.0;0.0;0.0;0.0;1.0;0.0;0.0;1.0;3.0;1.0;1.0;0.0;0.0;1.0;2.0;0.0;0.0;0.0;0.0;0.0;0.0;0.0;0.0;0.0;0.0;2.0;2.0;1.0;0.0;0.0;0.0;2.0;0.0;2.0;1.0;1.0;11.0;1.0;1.0;0.0;0.0;4.0;1.0;1.0;0.0;4.0;4.0;1.0;0.0;0.0;0.0;0.0;1.0;1.0;0.0;0.0;0.0;0.0;0.0;Tung Lam
Tung Li;0.0;0.0;1.0;0.0;0.0;0.0;3.0;2.0;0.0;0.0;0.0;0.0;0.0;2.0;2.0;2.0;0.0;0.0;1.0;0.0;0.0;0.0;0.0;0.0;0.0;3.0;1.0;0.0;2.0;0.0;0.0;0.0;0.0;1.0;0.0;0.0;3.0;1.0;2.0;0.0;0.0;1.0;0.0;0.0;0.0;0.0;0.0;0.0;0.0;2.0;0.0;0.0;0.0;0.0;3.0;0.0;0.0;0.0;0.0;0.0;0.0;0.0;0.0;1.0;0.0;0.0;0.0;2.0;0.0;0.0;2.0;3.0;0.0;0.0;0.0;0.0;0.0;1.0;1.0;0.0;2.0;0.0;1.0;0.0;0.0;0.0;0.0;0.0;0.0;0.0;0.0;1.0;2.0;1.0;0.0;0.0;0.0;2.0;1.0;1.0;1.0;0.0;1.0;8.0;0.0;0.0;0.0;3.0;1.0;1.0;0.0;0.0;1.0;2.0;0.0;0.0;0.0;0.0;2.0;2.0;0.0;0.0;0.0;0.0;0.0;Tung Li
Wai Wang;2.0;0.0;1.0;1.0;2.0;2.0;4.0;0.0;0.0;1.0;0.0;3.0;2.0;0.0;4.0;0.0;0.0;1.0;0.0;2.0;3.0;0.0;0.0;1.0;3.0;0.0;0.0;0.0;1.0;0.0;0.0;3.0;3.0;0.0;1.0;2.0;3.0;1.0;0.0;0.0;0.0;0.0;0.0;1.0;0.0;0.0;0.0;0.0;1.0;0.0;2.0;1.0;2.0;0.0;4.0;3.0;1.0;2.0;1.0;2.0;0.0;0.0;1.0;1.0;0.0;2.0;0.0;0.0;0.0;0.0;0.0;0.0;0.0;0.0;1.0;2.0;2.0;0.0;0.0;0.0;5.0;0.0;0.0;2.0;1.0;1.0;3.0;2.0;0.0;2.0;0.0;4.0;0.0;0.0;1.0;0.0;0.0;0.0;2.0;1.0;1.0;1.0;1.0;0.0;15.0;1.0;2.0;0.0;0.0;0.0;0.0;3.0;3.0;0.0;1.0;0.0;2.0;1.0;0.0;1.0;0.0;1.0;0.0;0.0;0.0;Wai Wang
Walter Tso Tat-Wah;1.0;1.0;0.0;0.0;1.0;1.0;0.0;0.0;0.0;0.0;0.0;1.0;0.0;0.0;2.0;0.0;0.0;0.0;1.0;1.0;1.0;0.0;0.0;1.0;1.0;0.0;0.0;0.0;0.0;0.0;0.0;0.0;0.0;0.0;1.0;3.0;1.0;0.0;0.0;0.0;0.0;0.0;1.0;0.0;1.0;0.0;0.0;0.0;3.0;0.0;2.0;2.0;1.0;1.0;2.0;2.0;0.0;1.0;1.0;1.0;0.0;0.0;1.0;0.0;0.0;0.0;1.0;0.0;0.0;0.0;0.0;0.0;0.0;0.0;0.0;0.0;0.0;0.0;1.0;0.0;1.0;1.0;0.0;1.0;0.0;0.0;2.0;0.0;0.0;0.0;0.0;1.0;0.0;0.0;1.0;1.0;0.0;0.0;1.0;1.0;0.0;0.0;0.0;0.0;1.0;7.0;0.0;0.0;0.0;0.0;1.0;1.0;0.0;0.0;1.0;1.0;0.0;1.0;0.0;1.0;1.0;1.0;1.0;1.0;1.0;Walter Tso Tat-Wah
Wang Han-Chen;1.0;0.0;0.0;0.0;0.0;1.0;3.0;0.0;0.0;0.0;0.0;1.0;0.0;0.0;1.0;0.0;0.0;0.0;0.0;3.0;1.0;0.0;0.0;3.0;0.0;0.0;0.0;1.0;0.0;0.0;0.0;1.0;0.0;0.0;0.0;0.0;0.0;0.0;0.0;0.0;0.0;0.0;1.0;1.0;0.0;0.0;0.0;0.0;0.0;0.0;0.0;0.0;1.0;0.0;0.0;0.0;0.0;3.0;1.0;2.0;0.0;0.0;3.0;1.0;0.0;0.0;0.0;0.0;0.0;1.0;0.0;0.0;0.0;0.0;0.0;1.0;0.0;0.0;0.0;0.0;1.0;2.0;0.0;3.0;1.0;0.0;0.0;0.0;0.0;4.0;0.0;1.0;0.0;1.0;1.0;1.0;0.0;0.0;0.0;0.0;0.0;0.0;0.0;0.0;2.0;0.0;7.0;0.0;0.0;0.0;0.0;2.0;0.0;0.0;4.0;2.0;1.0;0.0;0.0;1.0;0.0;3.0;0.0;0.0;0.0;Wang Han-Chen
Wang Hsieh;0.0;0.0;1.0;0.0;0.0;0.0;8.0;1.0;0.0;2.0;1.0;1.0;4.0;3.0;7.0;1.0;1.0;0.0;1.0;0.0;0.0;1.0;2.0;0.0;2.0;4.0;1.0;0.0;4.0;2.0;0.0;2.0;0.0;3.0;0.0;0.0;7.0;5.0;3.0;0.0;0.0;1.0;0.0;0.0;0.0;2.0;2.0;3.0;0.0;0.0;0.0;0.0;0.0;0.0;7.0;2.0;1.0;0.0;0.0;0.0;1.0;1.0;0.0;0.0;0.0;0.0;0.0;4.0;0.0;0.0;3.0;2.0;0.0;3.0;2.0;1.0;1.0;3.0;0.0;0.0;8.0;0.0;0.0;0.0;0.0;0.0;1.0;1.0;2.0;0.0;0.0;3.0;4.0;1.0;0.0;0.0;0.0;1.0;3.0;0.0;1.0;3.0;4.0;3.0;0.0;0.0;0.0;25.0;2.0;1.0;0.0;3.0;3.0;5.0;0.0;0.0;0.0;0.0;2.0;8.0;0.0;0.0;0.0;0.0;0.0;Wang Hsieh
Wang Kuang-Yu;0.0;0.0;3.0;1.0;0.0;0.0;0.0;6.0;0.0;0.0;1.0;1.0;0.0;8.0;3.0;1.0;3.0;0.0;0.0;0.0;0.0;1.0;2.0;0.0;1.0;2.0;2.0;0.0;0.0;4.0;0.0;1.0;7.0;0.0;0.0;0.0;0.0;3.0;3.0;0.0;0.0;0.0;0.0;0.0;0.0;1.0;0.0;1.0;0.0;3.0;0.0;0.0;0.0;0.0;6.0;0.0;0.0;0.0;0.0;0.0;1.0;2.0;0.0;5.0;4.0;0.0;0.0;1.0;0.0;0.0;0.0;0.0;0.0;3.0;1.0;2.0;0.0;2.0;0.0;0.0;4.0;0.0;0.0;0.0;0.0;0.0;0.0;0.0;1.0;0.0;0.0;0.0;0.0;1.0;0.0;0.0;1.0;1.0;0.0;5.0;3.0;2.0;1.0;1.0;0.0;0.0;0.0;2.0;14.0;1.0;0.0;3.0;5.0;2.0;0.0;0.0;0.0;0.0;2.0;3.0;0.0;0.0;0.0;0.0;0.0;Wang Kuang-Yu
Wang Ping;0.0;0.0;1.0;0.0;0.0;0.0;2.0;1.0;0.0;0.0;0.0;0.0;0.0;1.0;2.0;0.0;0.0;0.0;0.0;0.0;0.0;2.0;0.0;0.0;0.0;1.0;0.0;0.0;3.0;0.0;0.0;0.0;2.0;0.0;0.0;0.0;1.0;1.0;1.0;0.0;0.0;0.0;0.0;0.0;0.0;0.0;2.0;2.0;0.0;1.0;0.0;0.0;0.0;0.0;4.0;0.0;2.0;0.0;0.0;0.0;1.0;0.0;0.0;0.0;1.0;0.0;1.0;0.0;0.0;0.0;0.0;0.0;0.0;1.0;1.0;0.0;0.0;0.0;0.0;0.0;4.0;0.0;0.0;0.0;0.0;0.0;0.0;0.0;1.0;0.0;0.0;0.0;1.0;0.0;0.0;0.0;0.0;0.0;1.0;3.0;2.0;1.0;1.0;1.0;0.0;0.0;0.0;1.0;1.0;9.0;0.0;1.0;1.0;1.0;0.0;0.0;0.0;0.0;0.0;1.0;0.0;0.0;0.0;0.0;0.0;Wang Ping
Wilson Tong;1.0;0.0;0.0;0.0;0.0;0.0;0.0;0.0;0.0;0.0;0.0;1.0;0.0;0.0;1.0;0.0;0.0;0.0;0.0;0.0;1.0;0.0;0.0;0.0;0.0;0.0;0.0;0.0;0.0;0.0;0.0;0.0;1.0;0.0;0.0;0.0;0.0;0.0;0.0;0.0;0.0;0.0;7.0;1.0;4.0;0.0;0.0;0.0;0.0;0.0;5.0;4.0;0.0;3.0;1.0;0.0;0.0;0.0;0.0;2.0;0.0;0.0;0.0;0.0;3.0;0.0;0.0;0.0;0.0;1.0;0.0;0.0;0.0;0.0;0.0;2.0;0.0;0.0;2.0;0.0;2.0;0.0;0.0;0.0;0.0;0.0;0.0;1.0;0.0;0.0;0.0;0.0;0.0;0.0;0.0;0.0;0.0;0.0;1.0;0.0;0.0;0.0;0.0;0.0;0.0;1.0;0.0;0.0;0.0;0.0;7.0;2.0;0.0;0.0;0.0;0.0;2.0;0.0;0.0;0.0;1.0;0.0;0.0;1.0;0.0;Wilson Tong
Wong Ching-Ho;6.0;2.0;1.0;2.0;0.0;2.0;8.0;1.0;1.0;2.0;1.0;6.0;1.0;4.0;10.0;1.0;1.0;0.0;0.0;5.0;2.0;0.0;3.0;1.0;3.0;3.0;3.0;3.0;0.0;1.0;1.0;3.0;4.0;1.0;2.0;2.0;6.0;4.0;2.0;0.0;1.0;2.0;6.0;2.0;5.0;3.0;2.0;3.0;1.0;1.0;11.0;9.0;3.0;5.0;8.0;3.0;1.0;1.0;2.0;8.0;1.0;1.0;3.0;2.0;3.0;1.0;2.0;2.0;1.0;1.0;1.0;1.0;0.0;1.0;2.0;4.0;0.0;0.0;3.0;1.0;6.0;5.0;0.0;5.0;2.0;1.0;0.0;3.0;1.0;5.0;1.0;4.0;0.0;4.0;1.0;5.0;1.0;3.0;1.0;6.0;3.0;2.0;4.0;0.0;3.0;1.0;2.0;3.0;3.0;1.0;2.0;34.0;2.0;2.0;2.0;1.0;0.0;1.0;2.0;6.0;1.0;3.0;1.0;3.0;1.0;Wong Ching-Ho
Wong Chung;1.0;0.0;3.0;3.0;2.0;0.0;0.0;4.0;1.0;0.0;0.0;6.0;3.0;4.0;7.0;0.0;0.0;1.0;0.0;1.0;0.0;2.0;0.0;0.0;5.0;1.0;0.0;0.0;2.0;2.0;0.0;5.0;11.0;1.0;1.0;0.0;6.0;5.0;1.0;0.0;0.0;0.0;0.0;0.0;0.0;1.0;0.0;1.0;0.0;1.0;1.0;0.0;0.0;0.0;10.0;4.0;0.0;0.0;0.0;1.0;0.0;1.0;0.0;3.0;3.0;2.0;1.0;0.0;0.0;0.0;0.0;0.0;0.0;2.0;4.0;4.0;3.0;0.0;0.0;1.0;5.0;0.0;0.0;1.0;0.0;0.0;3.0;3.0;0.0;1.0;0.0;2.0;0.0;1.0;0.0;0.0;0.0;0.0;1.0;11.0;0.0;3.0;4.0;1.0;3.0;0.0;0.0;3.0;5.0;1.0;0.0;2.0;18.0;0.0;0.0;0.0;0.0;0.0;1.0;2.0;0.0;0.0;1.0;0.0;1.0;Wong Chung
Wong Chung-Shun;0.0;0.0;0.0;0.0;0.0;0.0;0.0;0.0;0.0;4.0;2.0;0.0;0.0;2.0;6.0;3.0;1.0;0.0;0.0;0.0;0.0;1.0;2.0;0.0;0.0;5.0;4.0;0.0;1.0;1.0;0.0;0.0;0.0;0.0;0.0;0.0;4.0;6.0;6.0;0.0;0.0;6.0;0.0;0.0;0.0;2.0;1.0;1.0;0.0;2.0;0.0;0.0;0.0;0.0;3.0;0.0;1.0;0.0;0.0;0.0;4.0;0.0;0.0;1.0;0.0;0.0;0.0;3.0;0.0;0.0;2.0;3.0;0.0;1.0;2.0;0.0;1.0;3.0;0.0;0.0;4.0;0.0;2.0;0.0;0.0;0.0;0.0;0.0;2.0;0.0;0.0;0.0;5.0;1.0;0.0;0.0;0.0;0.0;1.0;0.0;6.0;1.0;1.0;2.0;0.0;0.0;0.0;5.0;2.0;1.0;0.0;2.0;0.0;15.0;0.0;0.0;0.0;0.0;1.0;7.0;0.0;0.0;0.0;0.0;0.0;Wong Chung-Shun
Wong Lik;2.0;0.0;0.0;0.0;0.0;3.0;5.0;0.0;1.0;0.0;0.0;1.0;0.0;0.0;0.0;0.0;0.0;0.0;0.0;11.0;0.0;0.0;0.0;6.0;1.0;0.0;0.0;1.0;0.0;0.0;0.0;1.0;0.0;0.0;0.0;0.0;0.0;0.0;0.0;0.0;0.0;0.0;1.0;1.0;0.0;0.0;0.0;0.0;0.0;0.0;0.0;0.0;0.0;0.0;1.0;2.0;0.0;2.0;8.0;0.0;0.0;0.0;8.0;0.0;0.0;1.0;1.0;0.0;2.0;1.0;0.0;0.0;0.0;0.0;0.0;1.0;0.0;0.0;0.0;0.0;2.0;8.0;0.0;11.0;6.0;1.0;1.0;1.0;0.0;11.0;0.0;0.0;0.0;0.0;5.0;7.0;0.0;0.0;0.0;1.0;0.0;0.0;0.0;0.0;1.0;1.0;4.0;0.0;0.0;0.0;0.0;2.0;0.0;0.0;15.0;0.0;1.0;1.0;0.0;0.0;2.0;10.0;0.0;1.0;0.0;Wong Lik
Wong Mei-Mei;0.0;3.0;0.0;0.0;0.0;0.0;1.0;0.0;0.0;0.0;0.0;1.0;0.0;0.0;5.0;0.0;0.0;0.0;1.0;0.0;0.0;0.0;0.0;0.0;1.0;0.0;0.0;1.0;1.0;0.0;0.0;0.0;0.0;0.0;0.0;1.0;0.0;0.0;0.0;0.0;0.0;0.0;0.0;0.0;0.0;0.0;0.0;0.0;3.0;0.0;1.0;0.0;2.0;0.0;1.0;3.0;0.0;6.0;0.0;4.0;0.0;0.0;1.0;0.0;0.0;0.0;3.0;0.0;1.0;0.0;0.0;0.0;0.0;0.0;0.0;0.0;0.0;0.0;0.0;0.0;0.0;0.0;0.0;0.0;0.0;0.0;1.0;1.0;0.0;0.0;0.0;0.0;0.0;2.0;0.0;1.0;0.0;0.0;1.0;1.0;0.0;0.0;0.0;0.0;0.0;1.0;2.0;0.0;0.0;0.0;0.0;1.0;0.0;0.0;0.0;8.0;1.0;1.0;0.0;2.0;2.0;0.0;1.0;3.0;0.0;Wong Mei-Mei
Wong Yu;1.0;0.0;0.0;1.0;0.0;0.0;6.0;0.0;0.0;0.0;0.0;4.0;0.0;0.0;0.0;0.0;0.0;0.0;0.0;0.0;2.0;0.0;0.0;1.0;0.0;0.0;0.0;1.0;1.0;0.0;1.0;0.0;0.0;0.0;0.0;2.0;0.0;0.0;0.0;1.0;0.0;0.0;6.0;1.0;2.0;0.0;0.0;0.0;0.0;0.0;6.0;3.0;0.0;1.0;8.0;1.0;0.0;2.0;0.0;2.0;0.0;0.0;0.0;0.0;1.0;1.0;0.0;0.0;0.0;3.0;0.0;0.0;0.0;0.0;0.0;3.0;1.0;0.0;2.0;0.0;5.0;2.0;0.0;0.0;2.0;2.0;1.0;0.0;0.0;1.0;1.0;1.0;0.0;1.0;0.0;1.0;0.0;0.0;2.0;2.0;0.0;0.0;0.0;0.0;2.0;0.0;1.0;0.0;0.0;0.0;2.0;0.0;0.0;0.0;1.0;1.0;17.0;0.0;0.0;0.0;0.0;0.0;0.0;1.0;1.0;Wong Yu
Wong Yung;1.0;2.0;0.0;0.0;1.0;2.0;2.0;0.0;2.0;0.0;0.0;0.0;0.0;0.0;5.0;0.0;0.0;0.0;1.0;0.0;0.0;0.0;0.0;0.0;4.0;0.0;0.0;1.0;0.0;0.0;1.0;0.0;0.0;0.0;4.0;1.0;2.0;0.0;0.0;0.0;0.0;0.0;1.0;3.0;0.0;0.0;0.0;0.0;6.0;0.0;2.0;0.0;0.0;0.0;3.0;6.0;0.0;1.0;0.0;1.0;0.0;0.0;0.0;0.0;0.0;1.0;4.0;0.0;2.0;1.0;0.0;0.0;0.0;0.0;0.0;0.0;0.0;0.0;0.0;0.0;1.0;1.0;0.0;0.0;1.0;0.0;4.0;2.0;0.0;0.0;0.0;0.0;0.0;2.0;1.0;1.0;2.0;0.0;2.0;1.0;0.0;1.0;0.0;0.0;1.0;1.0;0.0;0.0;0.0;0.0;0.0;1.0;0.0;0.0;1.0;1.0;0.0;11.0;0.0;4.0;1.0;0.0;2.0;1.0;2.0;Wong Yung
Wu Ma;0.0;0.0;0.0;1.0;0.0;0.0;0.0;2.0;0.0;2.0;3.0;1.0;0.0;4.0;2.0;2.0;1.0;0.0;1.0;0.0;0.0;0.0;1.0;0.0;2.0;1.0;0.0;0.0;1.0;2.0;0.0;1.0;3.0;1.0;0.0;0.0;1.0;2.0;4.0;0.0;2.0;1.0;0.0;0.0;0.0;1.0;1.0;0.0;0.0;2.0;0.0;0.0;0.0;0.0;8.0;0.0;0.0;0.0;0.0;0.0;2.0;1.0;0.0;1.0;1.0;0.0;0.0;1.0;0.0;0.0;1.0;3.0;0.0;1.0;2.0;1.0;0.0;1.0;2.0;0.0;5.0;0.0;0.0;0.0;0.0;0.0;0.0;0.0;0.0;0.0;0.0;1.0;2.0;3.0;0.0;0.0;0.0;2.0;0.0;2.0;4.0;0.0;1.0;2.0;0.0;0.0;0.0;2.0;2.0;0.0;0.0;2.0;1.0;1.0;0.0;0.0;0.0;0.0;10.0;2.0;0.0;0.0;0.0;0.0;0.0;Wu Ma
Yeung Chi-Hing;1.0;2.0;1.0;0.0;1.0;1.0;10.0;0.0;2.0;3.0;2.0;1.0;1.0;3.0;19.0;5.0;2.0;0.0;3.0;2.0;1.0;1.0;3.0;0.0;6.0;2.0;3.0;2.0;4.0;0.0;2.0;2.0;3.0;3.0;3.0;1.0;11.0;7.0;4.0;0.0;0.0;5.0;1.0;2.0;1.0;2.0;2.0;1.0;7.0;3.0;3.0;2.0;1.0;0.0;16.0;10.0;2.0;3.0;0.0;4.0;3.0;4.0;0.0;2.0;3.0;3.0;5.0;3.0;1.0;1.0;2.0;6.0;1.0;4.0;1.0;2.0;3.0;5.0;3.0;1.0;11.0;2.0;3.0;2.0;0.0;0.0;7.0;4.0;7.0;2.0;0.0;4.0;3.0;6.0;0.0;6.0;4.0;5.0;5.0;5.0;8.0;2.0;1.0;2.0;1.0;1.0;1.0;8.0;3.0;1.0;0.0;6.0;2.0;7.0;0.0;2.0;0.0;4.0;2.0;42.0;1.0;0.0;3.0;2.0;3.0;Yeung Chi-Hing
Yeung Jing-Jing;0.0;0.0;0.0;0.0;0.0;2.0;1.0;0.0;3.0;0.0;0.0;0.0;0.0;0.0;3.0;0.0;0.0;0.0;0.0;1.0;1.0;0.0;0.0;1.0;0.0;0.0;0.0;0.0;0.0;0.0;1.0;0.0;0.0;0.0;0.0;0.0;1.0;0.0;0.0;0.0;0.0;0.0;2.0;1.0;2.0;0.0;0.0;0.0;4.0;0.0;3.0;2.0;1.0;2.0;1.0;4.0;0.0;4.0;1.0;2.0;0.0;0.0;1.0;0.0;0.0;0.0;4.0;0.0;2.0;0.0;0.0;0.0;0.0;0.0;0.0;1.0;0.0;0.0;0.0;0.0;2.0;3.0;0.0;1.0;0.0;0.0;0.0;2.0;0.0;1.0;1.0;0.0;0.0;1.0;1.0;4.0;1.0;0.0;1.0;1.0;0.0;0.0;0.0;0.0;0.0;1.0;0.0;0.0;0.0;0.0;1.0;1.0;0.0;0.0;2.0;2.0;0.0;1.0;0.0;1.0;9.0;1.0;0.0;2.0;1.0;Yeung Jing-Jing
Yu Tai-Ping;2.0;0.0;0.0;0.0;0.0;3.0;4.0;0.0;0.0;0.0;0.0;1.0;0.0;0.0;2.0;0.0;0.0;0.0;0.0;13.0;0.0;0.0;0.0;5.0;1.0;0.0;0.0;1.0;0.0;0.0;0.0;1.0;0.0;0.0;0.0;1.0;0.0;0.0;0.0;0.0;0.0;0.0;0.0;2.0;0.0;0.0;0.0;0.0;0.0;0.0;3.0;1.0;0.0;0.0;0.0;0.0;0.0;1.0;6.0;1.0;0.0;0.0;9.0;0.0;0.0;1.0;0.0;0.0;0.0;0.0;0.0;0.0;0.0;0.0;0.0;1.0;0.0;0.0;0.0;0.0;0.0;7.0;0.0;13.0;4.0;0.0;1.0;0.0;0.0;12.0;0.0;0.0;0.0;0.0;4.0;8.0;0.0;0.0;0.0;1.0;0.0;0.0;0.0;0.0;1.0;1.0;3.0;0.0;0.0;0.0;0.0;3.0;0.0;0.0;10.0;0.0;0.0;0.0;0.0;0.0;1.0;13.0;0.0;0.0;0.0;Yu Tai-Ping
Yuen Bun;2.0;2.0;0.0;1.0;1.0;0.0;2.0;0.0;1.0;0.0;0.0;0.0;0.0;0.0;4.0;0.0;0.0;0.0;1.0;0.0;1.0;0.0;0.0;0.0;4.0;0.0;0.0;1.0;0.0;0.0;1.0;0.0;0.0;0.0;4.0;2.0;2.0;0.0;0.0;0.0;0.0;0.0;0.0;1.0;0.0;0.0;0.0;0.0;3.0;0.0;2.0;1.0;0.0;0.0;5.0;4.0;0.0;0.0;0.0;2.0;0.0;0.0;0.0;0.0;0.0;3.0;3.0;0.0;0.0;1.0;0.0;0.0;0.0;0.0;0.0;0.0;1.0;0.0;0.0;0.0;1.0;0.0;0.0;0.0;0.0;0.0;3.0;1.0;0.0;0.0;0.0;0.0;0.0;1.0;0.0;0.0;1.0;0.0;0.0;5.0;0.0;0.0;0.0;0.0;0.0;1.0;0.0;0.0;0.0;0.0;0.0;1.0;1.0;0.0;0.0;1.0;0.0;2.0;0.0;3.0;0.0;0.0;7.0;0.0;4.0;Yuen Bun
Yuen Tak;0.0;1.0;0.0;0.0;0.0;1.0;0.0;0.0;1.0;0.0;0.0;2.0;0.0;0.0;4.0;0.0;0.0;0.0;0.0;0.0;0.0;0.0;0.0;0.0;0.0;0.0;0.0;2.0;1.0;0.0;1.0;0.0;0.0;0.0;0.0;0.0;0.0;0.0;0.0;0.0;0.0;0.0;1.0;0.0;1.0;0.0;0.0;0.0;1.0;0.0;3.0;1.0;0.0;1.0;2.0;3.0;0.0;5.0;0.0;3.0;0.0;0.0;0.0;0.0;0.0;0.0;2.0;0.0;2.0;0.0;0.0;0.0;0.0;0.0;0.0;0.0;0.0;0.0;1.0;0.0;1.0;1.0;0.0;0.0;0.0;2.0;0.0;2.0;0.0;0.0;0.0;0.0;0.0;0.0;0.0;1.0;0.0;0.0;0.0;1.0;0.0;0.0;0.0;0.0;0.0;1.0;0.0;0.0;0.0;0.0;1.0;3.0;0.0;0.0;1.0;3.0;1.0;1.0;0.0;2.0;2.0;0.0;0.0;8.0;0.0;Yuen Tak
Yuen Wah;1.0;0.0;0.0;0.0;2.0;1.0;3.0;0.0;1.0;0.0;0.0;2.0;0.0;0.0;4.0;0.0;0.0;0.0;0.0;0.0;1.0;0.0;0.0;0.0;4.0;0.0;0.0;1.0;0.0;0.0;3.0;0.0;0.0;0.0;5.0;2.0;4.0;1.0;0.0;0.0;0.0;0.0;0.0;1.0;0.0;0.0;0.0;0.0;4.0;0.0;3.0;1.0;2.0;0.0;8.0;6.0;0.0;2.0;0.0;1.0;0.0;0.0;0.0;0.0;0.0;3.0;3.0;0.0;1.0;2.0;0.0;0.0;0.0;0.0;0.0;0.0;1.0;0.0;0.0;0.0;3.0;0.0;0.0;0.0;0.0;0.0;5.0;2.0;0.0;0.0;1.0;0.0;0.0;1.0;0.0;2.0;1.0;0.0;1.0;5.0;0.0;0.0;0.0;0.0;0.0;1.0;0.0;0.0;0.0;0.0;0.0;1.0;1.0;0.0;0.0;0.0;1.0;2.0;0.0;3.0;1.0;0.0;4.0;0.0;12.0;Yuen Wah
